{
    "type": "minecraft:entity",
    "pools": [
        {
            "rolls": 1,
            "entries": [
                {
                "type": "minecraft:item",
                "name": "minecraft:warped_fungus_on_a_stick"
                }
            ],
            "functions": [
                {
                "function": "minecraft:set_nbt",
                "tag": "{display:{Name:'{\"text\":\"Target Dummy\",\"italic\":false}',Lore:['[{\"text\":\"Sneak near the dummy to remove it.\",\"italic\":false,\"color\":\"gray\"}]']},Unbreakable:1,HideFlags:4,CustomModelData:87,Enmity:1,Enmity.ItemGroups:[\"usable\",\"tools\"]}"
                }
            ]
        }
    ]
  }