{
    "pools": [
      {
          "rolls": 1,
          "entries": [
              {
              "type": "minecraft:item",
              "name": "minecraft:firework_star"
              }
          ],
          "functions": [
              {
              "function": "minecraft:set_nbt",
              "tag": "{Enmity.DeleteItem:1,CustomModelData:12,display:{Name:'{\"text\":\"Death Essence\",\"color\":\"white\",\"italic\":false}',Lore:['{\"text\":\"It\\'s very volatile.\",\"italic\":false,\"color\":\"gray\"}']},Enmity.Type:\"death\",Enmity.Xp:5}"
              }
          ]
      },
      {
        "rolls": 1,
        "entries": [
          {
            "type": "minecraft:item",
            "name": "minecraft:firework_star"
          }
        ],
        "functions": [
          {
            "function": "minecraft:set_nbt",
            "tag": "{Enmity.DeleteItem:1,CustomModelData:12,display:{Name:'{\"text\":\"Death Essence\",\"color\":\"white\",\"italic\":false}',Lore:['{\"text\":\"It\\'s very volatile.\",\"italic\":false,\"color\":\"gray\"}']},Enmity.Type:\"minion\"}"
          }
        ]
      }
    ]
  }