{
    "condition": "minecraft:alternative",
    "terms": [
      {
        "condition": "minecraft:location_check",
        "predicate": {
          "biome": "minecraft:savanna"
        }
      },
          {
        "condition": "minecraft:location_check",
        "predicate": {
          "biome": "minecraft:savanna_plateau"
        }
      },
      {
        "condition": "minecraft:location_check",
        "predicate": {
        "biome": "minecraft:windswept_savanna"
        }
      },
      {
        "condition": "minecraft:location_check",
        "predicate": {
          "biome": "terralith:arid_highlands"
        }
      },
      {
        "condition": "minecraft:location_check",
        "predicate": {
          "biome": "terralith:ashen_savanna"
        }
      },
      {
        "condition": "minecraft:location_check",
        "predicate": {
          "biome": "terralith:hot_shrubland"
        }
      },
      {
        "condition": "minecraft:location_check",
        "predicate": {
          "biome": "terralith:savanna_badlands"
        }
      },
      {
        "condition": "minecraft:location_check",
        "predicate": {
          "biome": "terralith:savanna_slopes"
        }
      },
      {
        "condition": "minecraft:location_check",
        "predicate": {
          "biome": "terralith:white_mesa"
        }
      }
    ]
  }