{
    "condition": "minecraft:alternative",
    "terms": [
      {
        "condition": "minecraft:location_check",
        "predicate": {
          "biome": "minecraft:snowy_taiga"
        }
      },
          {
        "condition": "minecraft:location_check",
        "predicate": {
          "biome": "terralith:snowy_shield"
        }
      },
      {
        "condition": "minecraft:location_check",
        "predicate": {
          "biome": "terralith:wintry_forest"
        }
      },
      {
        "condition": "minecraft:location_check",
        "predicate": {
          "biome": "terralith:snowy_maple_forest"
        }
      }
    ]
  }