{
    "condition": "minecraft:alternative",
    "terms": [
      {
        "condition": "minecraft:location_check",
        "predicate": {
          "biome": "minecraft:frozen_river"
        }
      },
          {
        "condition": "minecraft:location_check",
        "predicate": {
          "biome": "minecraft:ice_spikes"
        }
      },
        {
        "condition": "minecraft:location_check",
        "predicate": {
        "biome": "minecraft:snowy_beach"
        }
      },
        {
        "condition": "minecraft:location_check",
        "predicate": {
        "biome": "minecraft:snowy_plains"
        }
      },
      {
        "condition": "minecraft:location_check",
        "predicate": {
          "biome": "terralith:cold_shrubland"
        }
      },
      {
        "condition": "minecraft:location_check",
        "predicate": {
          "biome": "terralith:ice_marsh"
        }
      },
      {
        "condition": "minecraft:location_check",
        "predicate": {
          "biome": "terralith:gravel_desert"
        }
      },
      {
        "condition": "minecraft:location_check",
        "predicate": {
          "biome": "terralith:snowy_badlands"
        }
      },
      {
        "condition": "minecraft:location_check",
        "predicate": {
          "biome": "minecraft:frozen_ocean"
        }
      },
      {
        "condition": "minecraft:location_check",
        "predicate": {
          "biome": "minecraft:deep_frozen_ocean"
        }
      }
    ]
  }