{
    "condition": "minecraft:alternative",
    "terms": [
      {
        "condition": "minecraft:location_check",
        "predicate": {
          "biome": "minecraft:swamp"
        }
      },
          {
        "condition": "minecraft:location_check",
        "predicate": {
          "biome": "terralith:orchid_swamp"
        }
      },
      {
        "condition": "minecraft:location_check",
        "predicate": {
          "biome": "minecraft:mangrove_swamp"
        }
      }
    ]
  }