{
    "type": "minecraft:chest",
    "pools": [
      {
        "bonus_rolls": 0,
        "rolls": {
          "type": "minecraft:uniform",
          "max": 10,
          "min": 8
        },
        "entries": [
          {
            "type": "minecraft:item",
            "name": "minecraft:iron_pickaxe",
            "weight": 2
          },
          {
            "type": "minecraft:item",
            "name": "minecraft:iron_axe",
            "weight": 2
          },
          {
            "type": "minecraft:item",
            "name": "minecraft:iron_shovel",
            "weight": 2
          },
          {
            "type": "minecraft:item",
            "name": "minecraft:iron_hoe",
            "weight": 2
          },
          {
            "type": "minecraft:item",
            "name": "minecraft:golden_apple",
            "weight": 5
          },
          {
            "type": "minecraft:item",
            "functions": [
              {
                "add": false,
                "count": {
                  "type": "minecraft:uniform",
                  "max": 8,
                  "min": 2
                },
                "function": "minecraft:set_count"
              }
            ],
            "name": "minecraft:golden_carrot",
            "weight": 5
          },
          {
            "type": "minecraft:item",
            "name": "minecraft:saddle"
          },
          {
            "type": "minecraft:item",
            "name": "minecraft:iron_horse_armor"
          },
          {
            "type": "minecraft:item",
            "name": "minecraft:golden_horse_armor"
          },
          {
            "type": "minecraft:item",
            "name": "minecraft:spyglass"
          },
          {
            "type": "minecraft:item",
            "name": "minecraft:compass"
          },
          {
            "type": "minecraft:item",
            "name": "minecraft:recovery_compass"
          },
          {
            "type": "minecraft:item",
            "name": "minecraft:flint_and_steel"
          },
          {
            "type": "minecraft:item",
            "name": "minecraft:warped_fungus_on_a_stick",
            "functions": [
                {
                    "function": "minecraft:set_nbt",
                    "tag": "{display:{Name:'{\"text\":\"Thermometer\",\"italic\":false}'},Unbreakable:1,HideFlags:4,CustomModelData:31,Enmity:1,Enmity.Thermometer:1,Enmity.ItemGroups:[\"usable\",\"tools\"]}"
                }
            ]
          }
        ]
      },
      {
        "rolls": 1,
        "bonus_rolls": 0,
        "entries": [
            {
                "type": "minecraft:item",
                "name": "minecraft:leather_leggings",
                "weight": 5,
                "functions": [
                    {
                        "function": "minecraft:set_nbt",
                        "tag": "{display:{Name:'{\"text\":\"Wool Pants\",\"italic\":false}',color:16777215,Lore:['[{\"text\":\"Set bonus:\",\"italic\":false,\"color\":\"gray\"}]','[{\"text\":\"   +2\",\"italic\":false,\"color\":\"white\"},{\"text\":\" Body temperature\",\"italic\":false,\"color\":\"gray\"}]']},Unbreakable:1,Enmity:1,Enmity.ArmorType:\"wool\",AttributeModifiers:[{AttributeName:\"generic.armor\",Name:\"0\",Amount:1.0,Operation:0,UUID:[I;1,1,1,2],Slot:\"legs\"}],Enmity.ItemGroups:[\"armor\"]}"
                    }
                ]
              }
        ]
      },
      {
        "rolls": 1,
        "bonus_rolls": 0,
        "entries": [
                {
                    "type": "minecraft:item",
                    "name": "minecraft:leather_helmet",
                    "weight": 5,
                    "functions": [
                        {
                            "function": "minecraft:set_nbt",
                            "tag": "{display:{Name:'{\"text\":\"Wool Cap\",\"italic\":false}',color:16777215,Lore:['[{\"text\":\"Set bonus:\",\"italic\":false,\"color\":\"gray\"}]','[{\"text\":\"   +2\",\"italic\":false,\"color\":\"white\"},{\"text\":\" Body temperature\",\"italic\":false,\"color\":\"gray\"}]']},Unbreakable:1,Enmity:1,Enmity.ArmorType:\"wool\",AttributeModifiers:[{AttributeName:\"generic.armor\",Name:\"0\",Amount:1.0,Operation:0,UUID:[I;1,1,1,4],Slot:\"head\"}],Enmity.ItemGroups:[\"armor\"]}"
                        }
                    ]
                }
        ]
      },
      {
        "rolls": 1,
        "bonus_rolls": 0,
        "entries": [
            {
                "type": "minecraft:item",
                "name": "minecraft:leather_chestplate",
                "weight": 5,
                "functions": [
                    {
                        "function": "minecraft:set_nbt",
                        "tag": "{display:{Name:'{\"text\":\"Wool Coat\",\"italic\":false}',color:16777215,Lore:['[{\"text\":\"Set bonus:\",\"italic\":false,\"color\":\"gray\"}]','[{\"text\":\"   +2\",\"italic\":false,\"color\":\"white\"},{\"text\":\" Body temperature\",\"italic\":false,\"color\":\"gray\"}]']},Unbreakable:1,Enmity:1,Enmity.ArmorType:\"wool\",AttributeModifiers:[{AttributeName:\"generic.armor\",Name:\"0\",Amount:1.0,Operation:0,UUID:[I;1,1,1,3],Slot:\"chest\"}],Enmity.ItemGroups:[\"armor\"]}"
                    }
                ]
            }
        ]
      },
      {
        "rolls": 1,
        "bonus_rolls": 0,
        "entries": [
            {
                "type": "minecraft:item",
                "name": "minecraft:leather_boots",
                "weight": 5,
                "functions": [
                    {
                        "function": "minecraft:set_nbt",
                        "tag": "{display:{Name:'{\"text\":\"Wool Boots\",\"italic\":false}',color:16777215,Lore:['[{\"text\":\"Set bonus:\",\"italic\":false,\"color\":\"gray\"}]','[{\"text\":\"   +2\",\"italic\":false,\"color\":\"white\"},{\"text\":\" Body temperature\",\"italic\":false,\"color\":\"gray\"}]']},Unbreakable:1,Enmity:1,Enmity.ArmorType:\"wool\",AttributeModifiers:[{AttributeName:\"generic.armor\",Name:\"0\",Amount:1.0,Operation:0,UUID:[I;1,1,1,1],Slot:\"feet\"}],Enmity.ItemGroups:[\"armor\"]}"
                    }
                ]
            }
        ]
      }
    ]
  }