{
    "type": "minecraft:chest",
    "pools": [
      {
        "bonus_rolls": 0,
        "entries": [
          {
            "type": "minecraft:item",
            "name": "minecraft:enchanted_golden_apple"
          },
          {
            "type": "minecraft:item",
            "name": "minecraft:music_disc_otherside"
          },
          {
            "type": "minecraft:item",
            "functions": [
              {
                "add": false,
                "count": 1,
                "function": "minecraft:set_count"
              }
            ],
            "name": "minecraft:compass",
            "weight": 2
          },
          {
            "type": "minecraft:item",
            "functions": [
              {
                "add": false,
                "count": {
                  "type": "minecraft:uniform",
                  "max": 2,
                  "min": 1
                },
                "function": "minecraft:set_count"
              }
            ],
            "name": "minecraft:sculk_catalyst",
            "weight": 2
          },
          {
            "type": "minecraft:item",
            "name": "minecraft:name_tag",
            "weight": 2
          },
          {
            "type": "minecraft:item",
            "functions": [
              {
                "add": false,
                "count": 1,
                "function": "minecraft:set_count"
              },
              {
                "add": false,
                "damage": {
                  "type": "minecraft:uniform",
                  "max": 1,
                  "min": 0.8
                },
                "function": "minecraft:set_damage"
              },
              {
                "function": "minecraft:enchant_with_levels",
                "levels": {
                  "type": "minecraft:uniform",
                  "max": 50,
                  "min": 30
                },
                "treasure": true
              }
            ],
            "name": "minecraft:diamond_hoe",
            "weight": 2
          },
          {
            "type": "minecraft:item",
            "functions": [
              {
                "add": false,
                "count": 1,
                "function": "minecraft:set_count"
              }
            ],
            "name": "minecraft:lead",
            "weight": 2
          },
          {
            "type": "minecraft:item",
            "functions": [
              {
                "add": false,
                "count": 1,
                "function": "minecraft:set_count"
              }
            ],
            "name": "minecraft:diamond_horse_armor",
            "weight": 2
          },
          {
            "type": "minecraft:item",
            "functions": [
              {
                "add": false,
                "count": 1,
                "function": "minecraft:set_count"
              }
            ],
            "name": "minecraft:saddle",
            "weight": 2
          },
          {
            "type": "minecraft:item",
            "name": "minecraft:music_disc_13",
            "weight": 2
          },
          {
            "type": "minecraft:item",
            "name": "minecraft:music_disc_cat",
            "weight": 2
          },
          {
            "type": "minecraft:item",
            "functions": [
              {
                "function": "minecraft:enchant_with_levels",
                "levels": {
                  "type": "minecraft:uniform",
                  "max": 50,
                  "min": 30
                },
                "treasure": true
              }
            ],
            "name": "minecraft:diamond_leggings",
            "weight": 2
          },
          {
            "type": "minecraft:item",
            "functions": [
              {
                "enchantments": [
                  "minecraft:swift_sneak"
                ],
                "function": "minecraft:enchant_randomly"
              }
            ],
            "name": "minecraft:book",
            "weight": 3
          },
          {
            "type": "minecraft:item",
            "functions": [
              {
                "add": false,
                "count": {
                  "type": "minecraft:uniform",
                  "max": 10,
                  "min": 4
                },
                "function": "minecraft:set_count"
              }
            ],
            "name": "minecraft:sculk",
            "weight": 3
          },
          {
            "type": "minecraft:item",
            "functions": [
              {
                "add": false,
                "count": {
                  "type": "minecraft:uniform",
                  "max": 3,
                  "min": 1
                },
                "function": "minecraft:set_count"
              }
            ],
            "name": "minecraft:sculk_sensor",
            "weight": 3
          },
          {
            "type": "minecraft:item",
            "functions": [
              {
                "add": false,
                "count": {
                  "type": "minecraft:uniform",
                  "max": 4,
                  "min": 1
                },
                "function": "minecraft:set_count"
              }
            ],
            "name": "minecraft:candle",
            "weight": 3
          },
          {
            "type": "minecraft:item",
            "functions": [
              {
                "add": false,
                "count": {
                  "type": "minecraft:uniform",
                  "max": 15,
                  "min": 1
                },
                "function": "minecraft:set_count"
              }
            ],
            "name": "minecraft:amethyst_shard",
            "weight": 3
          },
          {
            "type": "minecraft:item",
            "functions": [
              {
                "add": false,
                "count": {
                  "type": "minecraft:uniform",
                  "max": 3,
                  "min": 1
                },
                "function": "minecraft:set_count"
              }
            ],
            "name": "minecraft:experience_bottle",
            "weight": 3
          },
          {
            "type": "minecraft:item",
            "functions": [
              {
                "add": false,
                "count": {
                  "type": "minecraft:uniform",
                  "max": 15,
                  "min": 1
                },
                "function": "minecraft:set_count"
              }
            ],
            "name": "minecraft:glow_berries",
            "weight": 3
          },
          {
            "type": "minecraft:item",
            "functions": [
              {
                "function": "minecraft:enchant_with_levels",
                "levels": {
                  "type": "minecraft:uniform",
                  "max": 39,
                  "min": 20
                },
                "treasure": true
              }
            ],
            "name": "minecraft:iron_leggings",
            "weight": 3
          },
          {
            "type": "minecraft:item",
            "functions": [
              {
                "add": false,
                "count": {
                  "type": "minecraft:uniform",
                  "max": 4,
                  "min": 2
                },
                "function": "minecraft:set_count"
              }
            ],
            "name": "minecraft:echo_shard",
            "weight": 4
          },
          {
            "type": "minecraft:item",
            "functions": [
              {
                "add": false,
                "count": {
                  "type": "minecraft:uniform",
                  "max": 3,
                  "min": 1
                },
                "function": "minecraft:set_count"
              }
            ],
            "name": "minecraft:disc_fragment_5",
            "weight": 4
          },
          {
            "type": "minecraft:item",
            "functions": [
              {
                "add": false,
                "count": {
                  "type": "minecraft:uniform",
                  "max": 3,
                  "min": 1
                },
                "function": "minecraft:set_count"
              },
              {
                "function": "minecraft:set_potion",
                "id": "minecraft:fire_resistance"
              }
            ],
            "name": "minecraft:potion",
            "weight": 5
          },
          {
            "type": "minecraft:item",
            "functions": [
              {
                "function": "minecraft:enchant_randomly"
              }
            ],
            "name": "minecraft:book",
            "weight": 5
          },
          {
            "type": "minecraft:item",
            "functions": [
              {
                "add": false,
                "count": {
                  "type": "minecraft:uniform",
                  "max": 10,
                  "min": 3
                },
                "function": "minecraft:set_count"
              }
            ],
            "name": "minecraft:book",
            "weight": 5
          },
          {
            "type": "minecraft:item",
            "functions": [
              {
                "add": false,
                "count": {
                  "type": "minecraft:uniform",
                  "max": 15,
                  "min": 1
                },
                "function": "minecraft:set_count"
              }
            ],
            "name": "minecraft:bone",
            "weight": 5
          },
          {
            "type": "minecraft:item",
            "functions": [
              {
                "add": false,
                "count": {
                  "type": "minecraft:uniform",
                  "max": 15,
                  "min": 1
                },
                "function": "minecraft:set_count"
              }
            ],
            "name": "minecraft:soul_torch",
            "weight": 5
          },
          {
            "type": "minecraft:item",
            "functions": [
              {
                "add": false,
                "count": {
                  "type": "minecraft:uniform",
                  "max": 15,
                  "min": 6
                },
                "function": "minecraft:set_count"
              }
            ],
            "name": "minecraft:coal",
            "weight": 7
          },
          {
            "type": "minecraft:item",
            "name": "minecraft:warped_fungus_on_a_stick",
            "functions": [
              {
                "function": "minecraft:set_nbt",
                "tag": "{display:{Name:'{\"text\":\"Hadopelagic Echo\",\"italic\":false}',Lore:['[{\"text\":\"Damage: \",\"italic\":false,\"color\":\"gray\"},{\"text\":\"5\",\"color\":\"white\"}]','[{\"text\":\"Mana usage: \",\"italic\":false,\"color\":\"gray\"},{\"text\":\"80\",\"color\":\"white\"}]','[{\"text\":\"Cooldown: \",\"italic\":false,\"color\":\"gray\"},{\"text\":\"20\",\"color\":\"white\"}]','[{\"text\":\"Casts a damaging sound wave.\",\"italic\":false,\"color\":\"gray\"}]']},Unbreakable:1,HideFlags:4,CustomModelData:57,Enmity:1,Enmity.ItemGroups:[\"usable\",\"weapons\"]}"
              }
            ]
          },
          {
            "type": "minecraft:item",
            "name": "minecraft:warped_fungus_on_a_stick",
            "functions": [
              {
                "function": "minecraft:set_nbt",
                "tag": "{display:{Name:'{\"text\":\"Sculk Verge\",\"italic\":false}',Lore:['[{\"text\":\"Damage: \",\"italic\":false,\"color\":\"gray\"},{\"text\":\"16\",\"color\":\"white\"}]','[{\"text\":\"Mana usage: \",\"italic\":false,\"color\":\"gray\"},{\"text\":\"120\",\"color\":\"white\"}]','[{\"text\":\"Cooldown: \",\"italic\":false,\"color\":\"gray\"},{\"text\":\"28\",\"color\":\"white\"}]','[{\"text\":\"Summons a sculk amalgam that emits deadly pulses.\",\"italic\":false,\"color\":\"gray\"}]','[{\"text\":\"This is a following sentry.\",\"italic\":false,\"color\":\"gray\"}]','[{\"text\":\"Up to 3 following sentries may orbit you at once.\",\"italic\":false,\"color\":\"gray\"}]','[{\"text\":\"Sneak while using to force the sentry to stay.\",\"italic\":false,\"color\":\"gray\"}]']},Unbreakable:1,HideFlags:4,CustomModelData:116,Enmity:1,Enmity.ItemGroups:[\"usable\",\"weapons\"]}"
              }
            ]
          }
        ],
        "rolls": {
          "type": "minecraft:uniform",
          "max": 10,
          "min": 5
        }
      }
    ]
  }