{
    "type": "minecraft:chest",
    "pools": [
      {
        "rolls": 3,
        "bonus_rolls": 0,
        "entries": [
          {
            "type": "minecraft:item",
            "weight": 15,
            "functions": [
              {
                "function": "minecraft:set_count",
                "count": 1,
                "add": false
              }
            ],
            "name": "minecraft:netherite_ingot"
          },
          {
            "type": "minecraft:item",
            "weight": 10,
            "functions": [
              {
                "function": "minecraft:set_count",
                "count": 1,
                "add": false
              }
            ],
            "name": "minecraft:ancient_debris"
          },
          {
            "type": "minecraft:item",
            "weight": 8,
            "functions": [
              {
                "function": "minecraft:set_count",
                "count": 1,
                "add": false
              }
            ],
            "name": "minecraft:netherite_scrap"
          },
          {
            "type": "minecraft:item",
            "weight": 4,
            "functions": [
              {
                "function": "minecraft:set_count",
                "count": 2,
                "add": false
              }
            ],
            "name": "minecraft:ancient_debris"
          },
          {
            "type": "minecraft:item",
            "weight": 6,
            "functions": [
              {
                "function": "minecraft:set_damage",
                "damage": {
                  "type": "minecraft:uniform",
                  "min": 0.8,
                  "max": 1
                },
                "add": false
              },
              {
                "function": "minecraft:enchant_randomly"
              }
            ],
            "name": "minecraft:diamond_sword"
          },
          {
            "type": "minecraft:item",
            "weight": 6,
            "functions": [
              {
                "function": "minecraft:set_damage",
                "damage": {
                  "type": "minecraft:uniform",
                  "min": 0.8,
                  "max": 1
                },
                "add": false
              },
              {
                "function": "minecraft:enchant_randomly"
              }
            ],
            "name": "minecraft:diamond_chestplate"
          },
          {
            "type": "minecraft:item",
            "weight": 6,
            "functions": [
              {
                "function": "minecraft:set_damage",
                "damage": {
                  "type": "minecraft:uniform",
                  "min": 0.8,
                  "max": 1
                },
                "add": false
              },
              {
                "function": "minecraft:enchant_randomly"
              }
            ],
            "name": "minecraft:diamond_helmet"
          },
          {
            "type": "minecraft:item",
            "weight": 6,
            "functions": [
              {
                "function": "minecraft:set_damage",
                "damage": {
                  "type": "minecraft:uniform",
                  "min": 0.8,
                  "max": 1
                },
                "add": false
              },
              {
                "function": "minecraft:enchant_randomly"
              }
            ],
            "name": "minecraft:diamond_leggings"
          },
          {
            "type": "minecraft:item",
            "weight": 6,
            "functions": [
              {
                "function": "minecraft:set_damage",
                "damage": {
                  "type": "minecraft:uniform",
                  "min": 0.8,
                  "max": 1
                },
                "add": false
              },
              {
                "function": "minecraft:enchant_randomly"
              }
            ],
            "name": "minecraft:diamond_boots"
          },
          {
            "type": "minecraft:item",
            "weight": 6,
            "name": "minecraft:diamond_sword"
          },
          {
            "type": "minecraft:item",
            "weight": 5,
            "name": "minecraft:diamond_chestplate"
          },
          {
            "type": "minecraft:item",
            "weight": 5,
            "name": "minecraft:diamond_helmet"
          },
          {
            "type": "minecraft:item",
            "weight": 5,
            "name": "minecraft:diamond_boots"
          },
          {
            "type": "minecraft:item",
            "weight": 5,
            "name": "minecraft:diamond_leggings"
          },
          {
            "type": "minecraft:item",
            "weight": 5,
            "functions": [
              {
                "function": "minecraft:set_count",
                "count": {
                  "type": "minecraft:uniform",
                  "min": 2,
                  "max": 6
                },
                "add": false
              }
            ],
            "name": "minecraft:diamond"
          },
          {
            "type": "minecraft:item",
            "weight": 2,
            "functions": [
              {
                "function": "minecraft:set_count",
                "count": 1,
                "add": false
              }
            ],
            "name": "minecraft:enchanted_golden_apple"
          }
        ]
      },
      {
        "rolls": {
          "type": "minecraft:uniform",
          "min": 3,
          "max": 4
        },
        "bonus_rolls": 0,
        "entries": [
          {
            "type": "minecraft:item",
            "functions": [
              {
                "function": "minecraft:set_count",
                "count": {
                  "type": "minecraft:uniform",
                  "min": 12,
                  "max": 25
                },
                "add": false
              }
            ],
            "name": "minecraft:spectral_arrow"
          },
          {
            "type": "minecraft:item",
            "functions": [
              {
                "function": "minecraft:set_count",
                "count": {
                  "type": "minecraft:uniform",
                  "min": 2,
                  "max": 5
                },
                "add": false
              }
            ],
            "name": "minecraft:gold_block"
          },
          {
            "type": "minecraft:item",
            "functions": [
              {
                "function": "minecraft:set_count",
                "count": {
                  "type": "minecraft:uniform",
                  "min": 2,
                  "max": 5
                },
                "add": false
              }
            ],
            "name": "minecraft:iron_block"
          },
          {
            "type": "minecraft:item",
            "functions": [
              {
                "function": "minecraft:set_count",
                "count": {
                  "type": "minecraft:uniform",
                  "min": 3,
                  "max": 9
                },
                "add": false
              }
            ],
            "name": "minecraft:gold_ingot"
          },
          {
            "type": "minecraft:item",
            "functions": [
              {
                "function": "minecraft:set_count",
                "count": {
                  "type": "minecraft:uniform",
                  "min": 3,
                  "max": 9
                },
                "add": false
              }
            ],
            "name": "minecraft:iron_ingot"
          },
          {
            "type": "minecraft:item",
            "functions": [
              {
                "function": "minecraft:set_count",
                "count": {
                  "type": "minecraft:uniform",
                  "min": 3,
                  "max": 5
                },
                "add": false
              }
            ],
            "name": "minecraft:crying_obsidian"
          },
          {
            "type": "minecraft:item",
            "functions": [
              {
                "function": "minecraft:set_count",
                "count": {
                  "type": "minecraft:uniform",
                  "min": 8,
                  "max": 23
                },
                "add": false
              }
            ],
            "name": "minecraft:quartz"
          },
          {
            "type": "minecraft:item",
            "functions": [
              {
                "function": "minecraft:set_count",
                "count": {
                  "type": "minecraft:uniform",
                  "min": 5,
                  "max": 15
                },
                "add": false
              }
            ],
            "name": "minecraft:gilded_blackstone"
          },
          {
            "type": "minecraft:item",
            "functions": [
              {
                "function": "minecraft:set_count",
                "count": {
                  "type": "minecraft:uniform",
                  "min": 3,
                  "max": 8
                },
                "add": false
              }
            ],
            "name": "minecraft:magma_cream"
          }
        ]
      },
      {
        "rolls": 1,
        "bonus_rolls": 0,
        "entries": [
          {
            "type": "minecraft:item",
            "name": "minecraft:warped_fungus_on_a_stick",
            "functions": [
                {
                  "function": "minecraft:set_nbt",
                  "tag": "{display:{Name:'{\"text\":\"Flamelash\",\"italic\":false}',Lore:['[{\"text\":\"Damage: \",\"italic\":false,\"color\":\"gray\"},{\"text\":\"10\",\"color\":\"white\"}]','[{\"text\":\"Mana usage: \",\"italic\":false,\"color\":\"gray\"},{\"text\":\"90\",\"color\":\"white\"}]','[{\"text\":\"Cooldown: \",\"italic\":false,\"color\":\"gray\"},{\"text\":\"24\",\"color\":\"white\"}]','[{\"text\":\"Casts a controllable ball of fire.\",\"italic\":false,\"color\":\"gray\"}]']},Unbreakable:1,HideFlags:4,CustomModelData:38,Enmity:1,Enmity.CustomCrafting:1,Enmity.ItemGroups:[\"usable\",\"weapons\"]}"
                }
            ]
          },
          {
            "type": "minecraft:item",
            "name": "minecraft:warped_fungus_on_a_stick",
            "functions": [
                {
                  "function": "minecraft:set_nbt",
                  "tag": "{display:{Name:'{\"text\":\"Fiery Charm\",\"italic\":false}',Lore:['[{\"text\":\"Accessory type: \",\"italic\":false,\"color\":\"gray\"},{\"text\":\"effect\",\"color\":\"white\"}]','[{\"text\":\"Grants heat resistance.\",\"italic\":false,\"color\":\"gray\"}]']},Unbreakable:1,HideFlags:4,CustomModelData:82,Enmity:1,Enmity.CustomCrafting:1,Enmity.ItemGroups:[\"accessories\",\"effect\"]}"
                }
            ]
          }
        ],
        "conditions": [
          {
            "condition": "minecraft:random_chance",
            "chance": 0.5
          }
        ]
      },
      {
        "rolls": 1,
        "entries": [
            {
                "type": "minecraft:loot_table",
                "name": "enmity:other/ancient_city_explorer_map"
            },
            {
                "type": "minecraft:loot_table",
                "name": "enmity:other/tower_dungeon_explorer_map"
            }
        ],
        "conditions": [
            {
                "condition": "minecraft:random_chance",
                "chance": 0.25
            }
        ]
      }
    ]
  }