{
    "type": "minecraft:chest",
    "pools": [
      {
        "rolls": 1,
        "bonus_rolls": 0,
        "entries": [
          {
            "type": "minecraft:item",
            "name": "minecraft:heart_of_the_sea"
          }
        ]
      },
      {
        "rolls": {
          "type": "minecraft:uniform",
          "min": 5,
          "max": 8
        },
        "bonus_rolls": 0,
        "entries": [
          {
            "type": "minecraft:item",
            "weight": 20,
            "functions": [
              {
                "function": "minecraft:set_count",
                "count": {
                  "type": "minecraft:uniform",
                  "min": 1,
                  "max": 4
                },
                "add": false
              }
            ],
            "name": "minecraft:iron_ingot"
          },
          {
            "type": "minecraft:item",
            "weight": 10,
            "functions": [
              {
                "function": "minecraft:set_count",
                "count": {
                  "type": "minecraft:uniform",
                  "min": 1,
                  "max": 4
                },
                "add": false
              }
            ],
            "name": "minecraft:gold_ingot"
          },
          {
            "type": "minecraft:item",
            "weight": 5,
            "functions": [
              {
                "function": "minecraft:set_count",
                "count": {
                  "type": "minecraft:uniform",
                  "min": 1,
                  "max": 2
                },
                "add": false
              }
            ],
            "name": "minecraft:tnt"
          }
        ]
      },
      {
        "rolls": {
          "type": "minecraft:uniform",
          "min": 1,
          "max": 3
        },
        "bonus_rolls": 0,
        "entries": [
          {
            "type": "minecraft:item",
            "weight": 5,
            "functions": [
              {
                "function": "minecraft:set_count",
                "count": {
                  "type": "minecraft:uniform",
                  "min": 4,
                  "max": 8
                },
                "add": false
              }
            ],
            "name": "minecraft:emerald"
          },
          {
            "type": "minecraft:item",
            "weight": 5,
            "functions": [
              {
                "function": "minecraft:set_count",
                "count": {
                  "type": "minecraft:uniform",
                  "min": 1,
                  "max": 2
                },
                "add": false
              }
            ],
            "name": "minecraft:diamond"
          },
          {
            "type": "minecraft:item",
            "weight": 5,
            "functions": [
              {
                "function": "minecraft:set_count",
                "count": {
                  "type": "minecraft:uniform",
                  "min": 1,
                  "max": 5
                },
                "add": false
              }
            ],
            "name": "minecraft:prismarine_crystals"
          }
        ]
      },
      {
        "rolls": {
          "type": "minecraft:uniform",
          "min": 0,
          "max": 1
        },
        "bonus_rolls": 0,
        "entries": [
          {
            "type": "minecraft:item",
            "name": "minecraft:leather_chestplate"
          },
          {
            "type": "minecraft:item",
            "name": "minecraft:iron_sword"
          }
        ]
      },
      {
        "rolls": 2,
        "bonus_rolls": 0,
        "entries": [
          {
            "type": "minecraft:item",
            "functions": [
              {
                "function": "minecraft:set_count",
                "count": {
                  "type": "minecraft:uniform",
                  "min": 2,
                  "max": 4
                },
                "add": false
              }
            ],
            "name": "minecraft:cooked_cod"
          },
          {
            "type": "minecraft:item",
            "functions": [
              {
                "function": "minecraft:set_count",
                "count": {
                  "type": "minecraft:uniform",
                  "min": 2,
                  "max": 4
                },
                "add": false
              }
            ],
            "name": "minecraft:cooked_salmon"
          }
        ]
      },
      {
        "rolls": {
          "type": "minecraft:uniform",
          "min": 0,
          "max": 2
        },
        "bonus_rolls": 0,
        "entries": [
          {
            "type": "minecraft:item",
            "name": "minecraft:potion"
          }
        ],
        "functions": [
          {
            "function": "minecraft:set_potion",
            "id": "minecraft:water_breathing"
          }
        ]
      },
      {
        "rolls": 1,
        "bonus_rolls": 0,
        "entries": [
          {
            "type": "minecraft:item",
            "name": "minecraft:warped_fungus_on_a_stick",
            "functions": [
                {
                    "function": "minecraft:set_nbt",
                    "tag": "{display:{Name:'{\"text\":\"Aquatic Scepter\",\"italic\":false}',Lore:['[{\"text\":\"Damage: \",\"italic\":false,\"color\":\"gray\"},{\"text\":\"4\",\"color\":\"white\"}]','[{\"text\":\"Mana usage: \",\"italic\":false,\"color\":\"gray\"},{\"text\":\"20\",\"color\":\"white\"}]','[{\"text\":\"Cooldown: \",\"italic\":false,\"color\":\"gray\"},{\"text\":\"4\",\"color\":\"white\"}]','[{\"text\":\"Shoots a stream of water.\",\"italic\":false,\"color\":\"gray\"}]']},Unbreakable:1,HideFlags:4,CustomModelData:66,Enmity:1}"
                }
            ]
          }
        ],
        "conditions": [
            {
                "condition": "minecraft:random_chance",
                "chance": 0.33
            }
        ]
      }
    ]
  }