{
    "type": "minecraft:chest",
    "pools": [
      {
        "rolls": {
          "type": "minecraft:uniform",
          "min": 2,
          "max": 4
        },
        "bonus_rolls": 0,
        "entries": [
          {
            "type": "minecraft:item",
            "weight": 5,
            "functions": [
              {
                "function": "minecraft:set_count",
                "count": {
                  "type": "minecraft:uniform",
                  "min": 1,
                  "max": 3
                },
                "add": false
              }
            ],
            "name": "minecraft:diamond"
          },
          {
            "type": "minecraft:item",
            "weight": 15,
            "functions": [
              {
                "function": "minecraft:set_count",
                "count": {
                  "type": "minecraft:uniform",
                  "min": 1,
                  "max": 5
                },
                "add": false
              }
            ],
            "name": "minecraft:iron_ingot"
          },
          {
            "type": "minecraft:item",
            "weight": 15,
            "functions": [
              {
                "function": "minecraft:set_count",
                "count": {
                  "type": "minecraft:uniform",
                  "min": 2,
                  "max": 7
                },
                "add": false
              }
            ],
            "name": "minecraft:gold_ingot"
          },
          {
            "type": "minecraft:item",
            "weight": 15,
            "functions": [
              {
                "function": "minecraft:set_count",
                "count": {
                  "type": "minecraft:uniform",
                  "min": 1,
                  "max": 3
                },
                "add": false
              }
            ],
            "name": "minecraft:emerald"
          },
          {
            "type": "minecraft:item",
            "weight": 25,
            "functions": [
              {
                "function": "minecraft:set_count",
                "count": {
                  "type": "minecraft:uniform",
                  "min": 4,
                  "max": 6
                },
                "add": false
              }
            ],
            "name": "minecraft:bone"
          },
          {
            "type": "minecraft:item",
            "weight": 25,
            "functions": [
              {
                "function": "minecraft:set_count",
                "count": {
                  "type": "minecraft:uniform",
                  "min": 1,
                  "max": 3
                },
                "add": false
              }
            ],
            "name": "minecraft:spider_eye"
          },
          {
            "type": "minecraft:item",
            "weight": 25,
            "functions": [
              {
                "function": "minecraft:set_count",
                "count": {
                  "type": "minecraft:uniform",
                  "min": 3,
                  "max": 7
                },
                "add": false
              }
            ],
            "name": "minecraft:rotten_flesh"
          },
          {
            "type": "minecraft:item",
            "weight": 20,
            "name": "minecraft:saddle"
          },
          {
            "type": "minecraft:item",
            "weight": 15,
            "name": "minecraft:iron_horse_armor"
          },
          {
            "type": "minecraft:item",
            "weight": 10,
            "name": "minecraft:golden_horse_armor"
          },
          {
            "type": "minecraft:item",
            "weight": 5,
            "name": "minecraft:diamond_horse_armor"
          },
          {
            "type": "minecraft:item",
            "weight": 20,
            "functions": [
              {
                "function": "minecraft:enchant_randomly"
              }
            ],
            "name": "minecraft:book"
          },
          {
            "type": "minecraft:item",
            "weight": 20,
            "name": "minecraft:golden_apple"
          },
          {
            "type": "minecraft:item",
            "weight": 2,
            "name": "minecraft:enchanted_golden_apple"
          },
          {
            "type": "minecraft:empty",
            "weight": 15
          }
        ]
      },
      {
        "rolls": 4,
        "bonus_rolls": 0,
        "entries": [
          {
            "type": "minecraft:item",
            "weight": 10,
            "functions": [
              {
                "function": "minecraft:set_count",
                "count": {
                  "type": "minecraft:uniform",
                  "min": 1,
                  "max": 8
                },
                "add": false
              }
            ],
            "name": "minecraft:bone"
          },
          {
            "type": "minecraft:item",
            "weight": 10,
            "functions": [
              {
                "function": "minecraft:set_count",
                "count": {
                  "type": "minecraft:uniform",
                  "min": 1,
                  "max": 8
                },
                "add": false
              }
            ],
            "name": "minecraft:gunpowder"
          },
          {
            "type": "minecraft:item",
            "weight": 10,
            "functions": [
              {
                "function": "minecraft:set_count",
                "count": {
                  "type": "minecraft:uniform",
                  "min": 1,
                  "max": 8
                },
                "add": false
              }
            ],
            "name": "minecraft:rotten_flesh"
          },
          {
            "type": "minecraft:item",
            "weight": 10,
            "functions": [
              {
                "function": "minecraft:set_count",
                "count": {
                  "type": "minecraft:uniform",
                  "min": 1,
                  "max": 8
                },
                "add": false
              }
            ],
            "name": "minecraft:string"
          },
          {
            "type": "minecraft:item",
            "weight": 10,
            "functions": [
              {
                "function": "minecraft:set_count",
                "count": {
                  "type": "minecraft:uniform",
                  "min": 1,
                  "max": 8
                },
                "add": false
              }
            ],
            "name": "minecraft:sand"
          }
        ]
      },
      {
          "rolls": {
              "type": "minecraft:uniform",
              "min": 0,
              "max": 1
          },
          "bonus_rolls": 0,
          "entries": [
            {
              "type": "minecraft:item",
              "name": "minecraft:warped_fungus_on_a_stick",
              "functions": [
                  {
                      "function": "minecraft:set_nbt",
                      "tag": "{display:{Name:'{\"text\":\"Hermes Boots\",\"italic\":false}',Lore:['[{\"text\":\"Accessory type: \",\"italic\":false,\"color\":\"gray\"},{\"text\":\"mobility\",\"color\":\"white\"}]','[{\"text\":\"Increases movement speed.\",\"italic\":false,\"color\":\"gray\"}]']},Unbreakable:1,HideFlags:4,CustomModelData:5,Enmity:1,Enmity.CustomCrafting:1,Enmity.ItemGroups:[\"accessories\",\"mobility\"]}"
                  }
              ]
            },
            {
              "type": "minecraft:item",
              "name": "minecraft:warped_fungus_on_a_stick",
              "functions": [
                  {
                      "function": "minecraft:set_nbt",
                      "tag": "{display:{Name:'{\"text\":\"Magic Cuffs\",\"italic\":false}',Lore:['[{\"text\":\"Accessory type: \",\"italic\":false,\"color\":\"gray\"},{\"text\":\"effect\",\"color\":\"white\"}]','[{\"text\":\"Restores mana upon taking damage.\",\"italic\":false,\"color\":\"gray\"}]']},Unbreakable:1,HideFlags:4,CustomModelData:63,Enmity:1,Enmity.CustomCrafting:1,Enmity.ItemGroups:[\"accessories\",\"effect\"]}"
                  }
              ]
            },
            {
              "type": "minecraft:item",
              "name": "minecraft:warped_fungus_on_a_stick",
              "functions": [
                  {
                      "function": "minecraft:set_nbt",
                      "tag": "{display:{Name:'{\"text\":\"Cloud in a Bottle\",\"italic\":false}',Lore:['[{\"text\":\"Accessory type: \",\"italic\":false,\"color\":\"gray\"},{\"text\":\"mobility\",\"color\":\"white\"}]','[{\"text\":\"Click sneak to double jump.\",\"italic\":false,\"color\":\"gray\"}]']},Unbreakable:1,HideFlags:4,CustomModelData:11,Enmity:1,Enmity.CustomCrafting:1,Enmity.ItemGroups:[\"accessories\",\"mobility\"]}"
                  }
              ]
            }
          ]
      },
      {
          "rolls": 1,
          "entries": [
              {
                "type": "minecraft:item",
                "name": "minecraft:warped_fungus_on_a_stick",
                "functions": [
                    {
                      "function": "minecraft:set_nbt",
                      "tag": "{display:{Name:'{\"text\":\"Ancient Bone Dust\",\"italic\":false}',Lore:['[{\"text\":\"Accessory type: \",\"italic\":false,\"color\":\"gray\"},{\"text\":\"effect\",\"color\":\"white\"}]','[{\"text\":\"Grants Haste.\",\"italic\":false,\"color\":\"gray\"}]']},Unbreakable:1,HideFlags:4,CustomModelData:91,Enmity:1,Enmity.ItemGroups:[\"accessories\",\"effect\"]}"
                    }
                ]
              },
              {
                "type": "minecraft:item",
                "name": "minecraft:warped_fungus_on_a_stick",
                "functions": [
                    {
                        "function": "minecraft:set_nbt",
                        "tag": "{display:{Name:'{\"text\":\"Repelling Stone\",\"italic\":false}',Lore:['[{\"text\":\"Accessory type: \",\"italic\":false,\"color\":\"gray\"},{\"text\":\"effect\",\"color\":\"white\"}]','[{\"text\":\"Repels nearby arrows, including yours.\",\"italic\":false,\"color\":\"gray\"}]']},Unbreakable:1,HideFlags:4,CustomModelData:93,Enmity:1,Enmity.ItemGroups:[\"accessories\",\"effect\"]}"
                    }
                ]
              }
          ],
          "conditions": [
              {
                  "condition": "minecraft:random_chance",
                  "chance": 0.3
              }
          ]
      }
    ]
  }