{
    "type": "minecraft:chest",
    "pools": [
      {
        "rolls": {
          "type": "minecraft:uniform",
          "min": 2,
          "max": 8
        },
        "bonus_rolls": 0,
        "entries": [
          {
            "type": "minecraft:item",
            "weight": 15,
            "functions": [
              {
                "function": "minecraft:set_count",
                "count": {
                  "type": "minecraft:uniform",
                  "min": 1,
                  "max": 3
                },
                "add": false
              }
            ],
            "name": "minecraft:apple"
          },
          {
            "type": "minecraft:item",
            "weight": 15,
            "functions": [
              {
                "function": "minecraft:set_count",
                "count": {
                  "type": "minecraft:uniform",
                  "min": 1,
                  "max": 4
                },
                "add": false
              }
            ],
            "name": "minecraft:coal"
          },
          {
            "type": "minecraft:item",
            "weight": 10,
            "functions": [
              {
                "function": "minecraft:set_count",
                "count": {
                  "type": "minecraft:uniform",
                  "min": 1,
                  "max": 3
                },
                "add": false
              }
            ],
            "name": "minecraft:gold_nugget"
          },
          {
            "type": "minecraft:item",
            "weight": 2,
            "name": "minecraft:stone_axe"
          },
          {
            "type": "minecraft:item",
            "weight": 10,
            "name": "minecraft:rotten_flesh"
          },
          {
            "type": "minecraft:item",
            "name": "minecraft:emerald"
          },
          {
            "type": "minecraft:item",
            "weight": 10,
            "functions": [
              {
                "function": "minecraft:set_count",
                "count": {
                  "type": "minecraft:uniform",
                  "min": 2,
                  "max": 3
                },
                "add": false
              }
            ],
            "name": "minecraft:wheat"
          }
        ]
      },
      {
        "rolls": 1,
        "bonus_rolls": 0,
        "entries": [
          {
            "type": "minecraft:item",
            "name": "minecraft:golden_apple"
          }
        ]
      },
      {
          "rolls": 1,
          "bonus_rolls": 0,
          "entries": [
            {
              "type": "minecraft:item",
              "name": "minecraft:warped_fungus_on_a_stick",
              "functions": [
                  {
                      "function": "minecraft:set_nbt",
                      "tag": "{display:{Name:'{\"text\":\"Frozen Charm\",\"italic\":false}',Lore:['[{\"text\":\"Accessory type: \",\"italic\":false,\"color\":\"gray\"},{\"text\":\"effect\",\"color\":\"white\"}]','[{\"text\":\"Grants cold resistance.\",\"italic\":false,\"color\":\"gray\"}]']},Unbreakable:1,HideFlags:4,CustomModelData:81,Enmity:1,Enmity.CustomCrafting:1}"
                  }
              ]
            }
          ],
          "conditions": [
              {
                  "condition": "minecraft:random_chance",
                  "chance": 0.3
              }
          ]
      },
      {
        "rolls": 1,
        "entries": [
            {
                "type": "minecraft:loot_table",
                "name": "enmity:other/tower_dungeon_explorer_map"
            }
        ],
        "conditions": [
            {
                "condition": "minecraft:random_chance",
                "chance": 0.15
            }
        ]
      },
      {
        "rolls": 1,
        "bonus_rolls": 0,
        "entries": [
            {
                "type": "minecraft:item",
                "name": "minecraft:leather_leggings",
                "weight": 5,
                "functions": [
                    {
                        "function": "minecraft:set_nbt",
                        "tag": "{display:{Name:'{\"text\":\"Wool Pants\",\"italic\":false}',color:16777215,Lore:['[{\"text\":\"Set bonus:\",\"italic\":false,\"color\":\"gray\"}]','[{\"text\":\"   +2\",\"italic\":false,\"color\":\"white\"},{\"text\":\" Body temperature\",\"italic\":false,\"color\":\"gray\"}]']},Unbreakable:1,Enmity:1,Enmity.ArmorType:\"wool\",AttributeModifiers:[{AttributeName:\"generic.armor\",Name:\"0\",Amount:1.0,Operation:0,UUID:[I;1,1,1,2],Slot:\"legs\"}]}"
                    }
                ]
              },
              {
                "type": "minecraft:item",
                "name": "minecraft:leather_helmet",
                "weight": 5,
                "functions": [
                    {
                        "function": "minecraft:set_nbt",
                        "tag": "{display:{Name:'{\"text\":\"Wool Cap\",\"italic\":false}',color:16777215,Lore:['[{\"text\":\"Set bonus:\",\"italic\":false,\"color\":\"gray\"}]','[{\"text\":\"   +2\",\"italic\":false,\"color\":\"white\"},{\"text\":\" Body temperature\",\"italic\":false,\"color\":\"gray\"}]']},Unbreakable:1,Enmity:1,Enmity.ArmorType:\"wool\",AttributeModifiers:[{AttributeName:\"generic.armor\",Name:\"0\",Amount:1.0,Operation:0,UUID:[I;1,1,1,4],Slot:\"head\"}]}"
                    }
                ]
              },
              {
                "type": "minecraft:item",
                "name": "minecraft:leather_chestplate",
                "weight": 5,
                "functions": [
                    {
                        "function": "minecraft:set_nbt",
                        "tag": "{display:{Name:'{\"text\":\"Wool Coat\",\"italic\":false}',color:16777215,Lore:['[{\"text\":\"Set bonus:\",\"italic\":false,\"color\":\"gray\"}]','[{\"text\":\"   +2\",\"italic\":false,\"color\":\"white\"},{\"text\":\" Body temperature\",\"italic\":false,\"color\":\"gray\"}]']},Unbreakable:1,Enmity:1,Enmity.ArmorType:\"wool\",AttributeModifiers:[{AttributeName:\"generic.armor\",Name:\"0\",Amount:1.0,Operation:0,UUID:[I;1,1,1,3],Slot:\"chest\"}]}"
                    }
                ]
              },
              {
                "type": "minecraft:item",
                "name": "minecraft:leather_boots",
                "weight": 5,
                "functions": [
                    {
                        "function": "minecraft:set_nbt",
                        "tag": "{display:{Name:'{\"text\":\"Wool Boots\",\"italic\":false}',color:16777215,Lore:['[{\"text\":\"Set bonus:\",\"italic\":false,\"color\":\"gray\"}]','[{\"text\":\"   +2\",\"italic\":false,\"color\":\"white\"},{\"text\":\" Body temperature\",\"italic\":false,\"color\":\"gray\"}]']},Unbreakable:1,Enmity:1,Enmity.ArmorType:\"wool\",AttributeModifiers:[{AttributeName:\"generic.armor\",Name:\"0\",Amount:1.0,Operation:0,UUID:[I;1,1,1,1],Slot:\"feet\"}]}"
                    }
                ]
            }
        ]
      }
    ]
  }