{
    "type": "minecraft:chest",
    "pools": [
      {
        "rolls": {
          "type": "minecraft:uniform",
          "min": 1,
          "max": 3
        },
        "bonus_rolls": 0,
        "entries": [
          {
            "type": "minecraft:item",
            "weight": 20,
            "name": "minecraft:saddle"
          },
          {
            "type": "minecraft:item",
            "weight": 15,
            "name": "minecraft:golden_apple"
          },
          {
            "type": "minecraft:item",
            "weight": 2,
            "name": "minecraft:enchanted_golden_apple"
          },
          {
            "type": "minecraft:item",
            "weight": 2,
            "name": "minecraft:music_disc_otherside"
          },
          {
            "type": "minecraft:item",
            "weight": 15,
            "name": "minecraft:music_disc_13"
          },
          {
            "type": "minecraft:item",
            "weight": 15,
            "name": "minecraft:music_disc_cat"
          },
          {
            "type": "minecraft:item",
            "weight": 20,
            "name": "minecraft:name_tag"
          },
          {
            "type": "minecraft:item",
            "weight": 10,
            "name": "minecraft:golden_horse_armor"
          },
          {
            "type": "minecraft:item",
            "weight": 15,
            "name": "minecraft:iron_horse_armor"
          },
          {
            "type": "minecraft:item",
            "weight": 5,
            "name": "minecraft:diamond_horse_armor"
          },
          {
            "type": "minecraft:item",
            "weight": 10,
            "functions": [
              {
                "function": "minecraft:enchant_randomly"
              }
            ],
            "name": "minecraft:book"
          }
        ]
      },
      {
          "rolls": {
              "type": "minecraft:uniform",
              "min": 0,
              "max": 1
          },
          "bonus_rolls": 0,
          "entries": [
            {
              "type": "minecraft:item",
              "name": "minecraft:warped_fungus_on_a_stick",
              "functions": [
                  {
                      "function": "minecraft:set_nbt",
                      "tag": "{display:{Name:'{\"text\":\"Hermes Boots\",\"italic\":false}',Lore:['[{\"text\":\"Accessory type: \",\"italic\":false,\"color\":\"gray\"},{\"text\":\"mobility\",\"color\":\"white\"}]','[{\"text\":\"Increases movement speed.\",\"italic\":false,\"color\":\"gray\"}]']},Unbreakable:1,HideFlags:4,CustomModelData:5,Enmity:1,Enmity.CustomCrafting:1,Enmity.ItemGroups:[\"accessories\",\"mobility\"]}"
                  }
              ]
            },
            {
              "type": "minecraft:item",
              "name": "minecraft:warped_fungus_on_a_stick",
              "functions": [
                  {
                      "function": "minecraft:set_nbt",
                      "tag": "{display:{Name:'{\"text\":\"Magic Cuffs\",\"italic\":false}',Lore:['[{\"text\":\"Accessory type: \",\"italic\":false,\"color\":\"gray\"},{\"text\":\"effect\",\"color\":\"white\"}]','[{\"text\":\"Restores mana upon taking damage.\",\"italic\":false,\"color\":\"gray\"}]']},Unbreakable:1,HideFlags:4,CustomModelData:63,Enmity:1,Enmity.CustomCrafting:1,Enmity.ItemGroups:[\"accessories\",\"effect\"]}"
                  }
              ]
            },
            {
              "type": "minecraft:item",
              "name": "minecraft:warped_fungus_on_a_stick",
              "functions": [
                  {
                      "function": "minecraft:set_nbt",
                      "tag": "{display:{Name:'{\"text\":\"Cloud in a Bottle\",\"italic\":false}',Lore:['[{\"text\":\"Accessory type: \",\"italic\":false,\"color\":\"gray\"},{\"text\":\"mobility\",\"color\":\"white\"}]','[{\"text\":\"Click sneak to double jump.\",\"italic\":false,\"color\":\"gray\"}]']},Unbreakable:1,HideFlags:4,CustomModelData:11,Enmity:1,Enmity.CustomCrafting:1,Enmity.ItemGroups:[\"accessories\",\"mobility\"]}"
                  }
              ]
            }
          ]
      },
      {
        "rolls": {
          "type": "minecraft:uniform",
          "min": 1,
          "max": 4
        },
        "bonus_rolls": 0,
        "entries": [
          {
            "type": "minecraft:item",
            "weight": 10,
            "functions": [
              {
                "function": "minecraft:set_count",
                "count": {
                  "type": "minecraft:uniform",
                  "min": 1,
                  "max": 4
                },
                "add": false
              }
            ],
            "name": "minecraft:iron_ingot"
          },
          {
            "type": "minecraft:item",
            "weight": 5,
            "functions": [
              {
                "function": "minecraft:set_count",
                "count": {
                  "type": "minecraft:uniform",
                  "min": 1,
                  "max": 4
                },
                "add": false
              }
            ],
            "name": "minecraft:gold_ingot"
          },
          {
            "type": "minecraft:item",
            "weight": 20,
            "name": "minecraft:bread"
          },
          {
            "type": "minecraft:item",
            "weight": 20,
            "functions": [
              {
                "function": "minecraft:set_count",
                "count": {
                  "type": "minecraft:uniform",
                  "min": 1,
                  "max": 4
                },
                "add": false
              }
            ],
            "name": "minecraft:wheat"
          },
          {
            "type": "minecraft:item",
            "weight": 10,
            "name": "minecraft:bucket"
          },
          {
            "type": "minecraft:item",
            "weight": 15,
            "functions": [
              {
                "function": "minecraft:set_count",
                "count": {
                  "type": "minecraft:uniform",
                  "min": 1,
                  "max": 4
                },
                "add": false
              }
            ],
            "name": "minecraft:redstone"
          },
          {
            "type": "minecraft:item",
            "weight": 15,
            "functions": [
              {
                "function": "minecraft:set_count",
                "count": {
                  "type": "minecraft:uniform",
                  "min": 1,
                  "max": 4
                },
                "add": false
              }
            ],
            "name": "minecraft:coal"
          },
          {
            "type": "minecraft:item",
            "weight": 10,
            "functions": [
              {
                "function": "minecraft:set_count",
                "count": {
                  "type": "minecraft:uniform",
                  "min": 2,
                  "max": 4
                },
                "add": false
              }
            ],
            "name": "minecraft:melon_seeds"
          },
          {
            "type": "minecraft:item",
            "weight": 10,
            "functions": [
              {
                "function": "minecraft:set_count",
                "count": {
                  "type": "minecraft:uniform",
                  "min": 2,
                  "max": 4
                },
                "add": false
              }
            ],
            "name": "minecraft:pumpkin_seeds"
          },
          {
            "type": "minecraft:item",
            "weight": 10,
            "functions": [
              {
                "function": "minecraft:set_count",
                "count": {
                  "type": "minecraft:uniform",
                  "min": 2,
                  "max": 4
                },
                "add": false
              }
            ],
            "name": "minecraft:beetroot_seeds"
          }
        ]
      },
      {
        "rolls": 3,
        "bonus_rolls": 0,
        "entries": [
          {
            "type": "minecraft:item",
            "weight": 10,
            "functions": [
              {
                "function": "minecraft:set_count",
                "count": {
                  "type": "minecraft:uniform",
                  "min": 1,
                  "max": 8
                },
                "add": false
              }
            ],
            "name": "minecraft:bone"
          },
          {
            "type": "minecraft:item",
            "weight": 10,
            "functions": [
              {
                "function": "minecraft:set_count",
                "count": {
                  "type": "minecraft:uniform",
                  "min": 1,
                  "max": 8
                },
                "add": false
              }
            ],
            "name": "minecraft:gunpowder"
          },
          {
            "type": "minecraft:item",
            "weight": 10,
            "functions": [
              {
                "function": "minecraft:set_count",
                "count": {
                  "type": "minecraft:uniform",
                  "min": 1,
                  "max": 8
                },
                "add": false
              }
            ],
            "name": "minecraft:rotten_flesh"
          },
          {
            "type": "minecraft:item",
            "weight": 10,
            "functions": [
              {
                "function": "minecraft:set_count",
                "count": {
                  "type": "minecraft:uniform",
                  "min": 1,
                  "max": 8
                },
                "add": false
              }
            ],
            "name": "minecraft:string"
          }
        ]
      },
      {
          "rolls": 1,
          "entries": [
            {
              "type": "minecraft:item",
              "name": "minecraft:warped_fungus_on_a_stick",
              "weight": 2,
              "functions": [
                  {
                    "function": "minecraft:set_nbt",
                    "tag": "{display:{Name:'{\"text\":\"Ancient Bone Dust\",\"italic\":false}',Lore:['[{\"text\":\"Accessory type: \",\"italic\":false,\"color\":\"gray\"},{\"text\":\"effect\",\"color\":\"white\"}]','[{\"text\":\"Grants Haste.\",\"italic\":false,\"color\":\"gray\"}]']},Unbreakable:1,HideFlags:4,CustomModelData:91,Enmity:1,Enmity.ItemGroups:[\"accessories\",\"effect\"]}"
                  }
              ]
            },
            {
              "type": "minecraft:item",
              "name": "minecraft:warped_fungus_on_a_stick",
              "weight": 1,
              "functions": [
                  {
                      "function": "minecraft:set_nbt",
                      "tag": "{display:{Name:'{\"text\":\"Repelling Stone\",\"italic\":false}',Lore:['[{\"text\":\"Accessory type: \",\"italic\":false,\"color\":\"gray\"},{\"text\":\"effect\",\"color\":\"white\"}]','[{\"text\":\"Repels nearby arrows, including yours.\",\"italic\":false,\"color\":\"gray\"}]']},Unbreakable:1,HideFlags:4,CustomModelData:93,Enmity:1,Enmity.ItemGroups:[\"accessories\",\"effect\"]}"
                  }
              ]
            }
        ],
          "conditions": [
              {
                  "condition": "minecraft:random_chance",
                  "chance": 0.2
              }
          ]
      },
      {
          "rolls": 1,
          "entries": [
            {
              "type": "minecraft:item",
              "name": "minecraft:warped_fungus_on_a_stick",
              "weight": 1,
              "functions": [
                  {
                      "function": "minecraft:set_nbt",
                      "tag": "{display:{Name:'{\"text\":\"Web Slinger\",\"italic\":false}',Lore:['[{\"text\":\"Damage: \",\"italic\":false,\"color\":\"gray\"},{\"text\":\"8\",\"color\":\"white\"}]','[{\"text\":\"Mana usage: \",\"italic\":false,\"color\":\"gray\"},{\"text\":\"60\",\"color\":\"white\"}]','[{\"text\":\"Cooldown: \",\"italic\":false,\"color\":\"gray\"},{\"text\":\"24\",\"color\":\"white\"}]','[{\"text\":\"Sprays out threads of web\",\"italic\":false,\"color\":\"gray\"}]','[{\"text\":\"that slow enemies down.\",\"italic\":false,\"color\":\"gray\"}]']},Unbreakable:1,HideFlags:4,CustomModelData:98,Enmity:1,Enmity.ItemGroups:[\"usable\",\"weapons\"]}"
                  }
              ]
            }
        ],
          "conditions": [
              {
                  "condition": "minecraft:random_chance",
                  "chance": 0.05
              }
          ]
      }
    ]
  }