{
    "type": "minecraft:chest",
    "pools": [
        {
            "rolls": {
                "type": "minecraft:uniform",
                "min": 0,
                "max": 6
            },
            "bonus_rolls": 0,
            "entries": [
                {
                    "type": "minecraft:item",
                    "name": "minecraft:cod",
                    "functions": [
                        {
                            "function": "minecraft:set_count",
                            "count": {
                                "type": "minecraft:uniform",
                                "min": 2,
                                "max": 8
                            }
                        }
                    ],
                    "weight": 4
                },
                {
                    "type": "minecraft:item",
                    "name": "minecraft:salmon",
                    "functions": [
                        {
                            "function": "minecraft:set_count",
                            "count": {
                                "type": "minecraft:uniform",
                                "min": 2,
                                "max": 8
                            }
                        }
                    ],
                    "weight": 4
                },
                {
                    "type": "minecraft:item",
                    "name": "minecraft:tropical_fish",
                    "functions": [
                        {
                            "function": "minecraft:set_count",
                            "count": {
                                "type": "minecraft:uniform",
                                "min": 1,
                                "max": 3
                            }
                        }
                    ],
                    "weight": 2
                },
                {
                    "type": "minecraft:item",
                    "name": "minecraft:pufferfish",
                    "functions": [
                        {
                            "function": "minecraft:set_count",
                            "count": {
                                "type": "minecraft:uniform",
                                "min": 1,
                                "max": 2
                            }
                        }
                    ],
                    "weight": 1
                },
                {
                    "type": "minecraft:item",
                    "name": "minecraft:bread",
                    "functions": [
                        {
                            "function": "minecraft:set_count",
                            "count": {
                                "type": "minecraft:uniform",
                                "min": 2,
                                "max": 8
                            }
                        }
                    ],
                    "weight": 2
                },
                {
                    "type": "minecraft:item",
                    "name": "minecraft:potato",
                    "functions": [
                        {
                            "function": "minecraft:set_count",
                            "count": {
                                "type": "minecraft:uniform",
                                "min": 4,
                                "max": 10
                            }
                        }
                    ],
                    "weight": 3
                },
                {
                    "type": "minecraft:item",
                    "name": "minecraft:cooked_cod",
                    "functions": [
                        {
                            "function": "minecraft:set_count",
                            "count": {
                                "type": "minecraft:uniform",
                                "min": 2,
                                "max": 8
                            }
                        }
                    ],
                    "weight": 2
                },
                {
                    "type": "minecraft:item",
                    "name": "minecraft:cooked_salmon",
                    "functions": [
                        {
                            "function": "minecraft:set_count",
                            "count": {
                                "type": "minecraft:uniform",
                                "min": 2,
                                "max": 8
                            }
                        }
                    ],
                    "weight": 2
                }
            ]
        }
    ]
}