{
    "type": "minecraft:chest",
    "pools": [
      {
        "bonus_rolls": 0,
        "rolls": {
          "type": "minecraft:uniform",
          "max": 3,
          "min": 1
        },
        "entries": [
          {
            "type": "minecraft:item",
            "name": "minecraft:golden_pickaxe",
            "weight": 3
          },
          {
            "type": "minecraft:item",
            "name": "minecraft:golden_sword",
            "weight": 3
          },
          {
            "type": "minecraft:item",
            "name": "minecraft:golden_axe",
            "weight": 3
          },
          {
            "type": "minecraft:item",
            "name": "minecraft:golden_shovel",
            "weight": 3
          },
          {
            "type": "minecraft:item",
            "name": "minecraft:golden_hoe",
            "weight": 3
          },
          {
            "type": "minecraft:item",
            "name": "minecraft:diamond_pickaxe",
            "weight": 2
          },
          {
            "type": "minecraft:item",
            "name": "minecraft:diamond_sword",
            "weight": 2
          },
          {
            "type": "minecraft:item",
            "name": "minecraft:diamond_axe",
            "weight": 2
          },
          {
            "type": "minecraft:item",
            "name": "minecraft:diamond_shovel",
            "weight": 2
          },
          {
            "type": "minecraft:item",
            "name": "minecraft:diamond_hoe",
            "weight": 2
          },
          {
            "type": "minecraft:item",
            "functions": [
              {
                "add": false,
                "count": {
                  "type": "minecraft:uniform",
                  "max": 4,
                  "min": 2
                },
                "function": "minecraft:set_count"
              }
            ],
            "name": "minecraft:golden_apple",
            "weight": 5
          },
          {
            "type": "minecraft:item",
            "functions": [
              {
                "function": "minecraft:enchant_with_levels",
                "levels": 30,
                "treasure": true
              }
            ],
            "name": "minecraft:book"
          },
          {
            "type": "minecraft:item",
            "name": "minecraft:compass"
          },
          {
            "type": "minecraft:item",
            "name": "minecraft:spyglass"
          }
        ]
      },
      {
        "bonus_rolls": 0,
        "rolls": 1,
        "entries": [
          {
            "type": "minecraft:item",
            "name": "minecraft:warped_fungus_on_a_stick",
            "functions": [
                {
                    "function": "minecraft:set_nbt",
                    "tag": "{display:{Name:'{\"text\":\"Gust Caster\",\"italic\":false}',Lore:['[{\"text\":\"Damage: \",\"italic\":false,\"color\":\"gray\"},{\"text\":\"7\",\"color\":\"white\"}]','[{\"text\":\"Mana usage: \",\"italic\":false,\"color\":\"gray\"},{\"text\":\"100\",\"color\":\"white\"}]','[{\"text\":\"Cooldown: \",\"italic\":false,\"color\":\"gray\"},{\"text\":\"24\",\"color\":\"white\"}]','[{\"text\":\"Fires a short ranged whirlwind.\",\"italic\":false,\"color\":\"gray\"}]']},Unbreakable:1,HideFlags:4,CustomModelData:3,Enmity:1,Enmity.CustomCrafting:1}"
                }
            ]
          },
          {
            "type": "minecraft:item",
            "name": "minecraft:warped_fungus_on_a_stick",
            "functions": [
                {
                    "function": "minecraft:set_nbt",
                    "tag": "{display:{Name:'{\"text\":\"Water Bolt\",\"italic\":false}',Lore:['[{\"text\":\"Damage: \",\"italic\":false,\"color\":\"gray\"},{\"text\":\"6\",\"color\":\"white\"}]','[{\"text\":\"Mana usage: \",\"italic\":false,\"color\":\"gray\"},{\"text\":\"60\",\"color\":\"white\"}]','[{\"text\":\"Cooldown: \",\"italic\":false,\"color\":\"gray\"},{\"text\":\"12\",\"color\":\"white\"}]','[{\"text\":\"Shoots a slow moving bolt of water.\",\"italic\":false,\"color\":\"gray\"}]']},Unbreakable:1,HideFlags:4,CustomModelData:4,Enmity:1,Enmity.CustomCrafting:1}"
                }
            ]
          },
          {
            "type": "minecraft:item",
            "name": "minecraft:warped_fungus_on_a_stick",
            "functions": [
                {
                    "function": "minecraft:set_nbt",
                    "tag": "{display:{Name:'{\"text\":\"Emerald Staff\",\"italic\":false}',Lore:['[{\"text\":\"Damage: \",\"italic\":false,\"color\":\"gray\"},{\"text\":\"7\",\"color\":\"white\"}]','[{\"text\":\"Mana usage: \",\"italic\":false,\"color\":\"gray\"},{\"text\":\"80\",\"color\":\"white\"}]','[{\"text\":\"Cooldown: \",\"italic\":false,\"color\":\"gray\"},{\"text\":\"20\",\"color\":\"white\"}]','[{\"text\":\"Shoots an emerald bolt.\",\"italic\":false,\"color\":\"gray\"}]']},Unbreakable:1,HideFlags:4,CustomModelData:16,Enmity:1,Enmity.CustomCrafting:1,Enmity.ItemGroups:[\"gem_staves\"]}"
                }
            ]
          },
          {
            "type": "minecraft:item",
            "name": "minecraft:warped_fungus_on_a_stick",
            "functions": [
                {
                    "function": "minecraft:set_nbt",
                    "tag": "{display:{Name:'{\"text\":\"Diamond Staff\",\"italic\":false}',Lore:['[{\"text\":\"Damage: \",\"italic\":false,\"color\":\"gray\"},{\"text\":\"8\",\"color\":\"white\"}]','[{\"text\":\"Mana usage: \",\"italic\":false,\"color\":\"gray\"},{\"text\":\"90\",\"color\":\"white\"}]','[{\"text\":\"Cooldown: \",\"italic\":false,\"color\":\"gray\"},{\"text\":\"24\",\"color\":\"white\"}]','[{\"text\":\"Shoots a diamond bolt.\",\"italic\":false,\"color\":\"gray\"}]']},Unbreakable:1,HideFlags:4,CustomModelData:6,Enmity:1,Enmity.CustomCrafting:1,Enmity.ItemGroups:[\"gem_staves\"]}"
                }
            ]
          },
          {
            "type": "minecraft:item",
            "name": "minecraft:warped_fungus_on_a_stick",
            "functions": [
                {
                    "function": "minecraft:set_nbt",
                    "tag": "{display:{Name:'{\"text\":\"Redstone Staff\",\"italic\":false}',Lore:['[{\"text\":\"Damage: \",\"italic\":false,\"color\":\"gray\"},{\"text\":\"6\",\"color\":\"white\"}]','[{\"text\":\"Mana usage: \",\"italic\":false,\"color\":\"gray\"},{\"text\":\"90\",\"color\":\"white\"}]','[{\"text\":\"Cooldown: \",\"italic\":false,\"color\":\"gray\"},{\"text\":\"20\",\"color\":\"white\"}]','[{\"text\":\"Shoots a redstone bolt.\",\"italic\":false,\"color\":\"gray\"}]']},Unbreakable:1,HideFlags:4,CustomModelData:15,Enmity:1,Enmity.CustomCrafting:1,Enmity.ItemGroups:[\"gem_staves\"]}"
                }
            ]
          },
          {
            "type": "minecraft:item",
            "name": "minecraft:warped_fungus_on_a_stick",
            "functions": [
                {
                    "function": "minecraft:set_nbt",
                    "tag": "{display:{Name:'{\"text\":\"Emerald Staff\",\"italic\":false}',Lore:['[{\"text\":\"Damage: \",\"italic\":false,\"color\":\"gray\"},{\"text\":\"7\",\"color\":\"white\"}]','[{\"text\":\"Mana usage: \",\"italic\":false,\"color\":\"gray\"},{\"text\":\"80\",\"color\":\"white\"}]','[{\"text\":\"Cooldown: \",\"italic\":false,\"color\":\"gray\"},{\"text\":\"20\",\"color\":\"white\"}]','[{\"text\":\"Shoots an emerald bolt.\",\"italic\":false,\"color\":\"gray\"}]']},Unbreakable:1,HideFlags:4,CustomModelData:16,Enmity:1,Enmity.CustomCrafting:1,Enmity.ItemGroups:[\"gem_staves\"]}"
                }
            ]
          }
        ]
      },
      {
        "bonus_rolls": 0,
        "rolls": 1,
        "entries": [
          {
            "type": "minecraft:loot_table",
            "name": "minecraft:chests/shipwreck_treasure"
          }
        ]
      },
      {
        "bonus_rolls": 0,
        "rolls": 1,
        "entries": [
            {
                "type": "minecraft:item",
                "name": "minecraft:recovery_compass"
            }
        ],
        "conditions": [
            {
                "condition": "minecraft:random_chance",
                "chance": 0.25
            }
        ]
      }
    ]
  }