{
    "type": "minecraft:chest",
    "pools": [
        {
            "rolls": {
                "type": "minecraft:uniform",
                "min": 1,
                "max": 5
            },
            "bonus_rolls": 0,
            "entries": [
                {
                    "type": "minecraft:item",
                    "name": "minecraft:chainmail_boots",
                    "weight": 2
                },
                {
                    "type": "minecraft:item",
                    "name": "minecraft:chainmail_leggings",
                    "weight": 2
                },
                {
                    "type": "minecraft:item",
                    "name": "minecraft:chainmail_chestplate",
                    "weight": 2
                },
                {
                    "type": "minecraft:item",
                    "name": "minecraft:chainmail_helmet",
                    "weight": 2
                },
                {
                    "type": "minecraft:item",
                    "name": "minecraft:leather_boots",
                    "weight": 1
                },
                {
                    "type": "minecraft:item",
                    "name": "minecraft:leather_leggings",
                    "weight": 1
                },
                {
                    "type": "minecraft:item",
                    "name": "minecraft:leather_chestplate",
                    "weight": 1
                },
                {
                    "type": "minecraft:item",
                    "name": "minecraft:leather_helmet",
                    "weight": 1
                },
                {
                    "type": "minecraft:item",
                    "name": "minecraft:iron_sword",
                    "weight": 2
                },
                {
                    "type": "minecraft:item",
                    "name": "minecraft:iron_axe",
                    "weight": 2
                },
                {
                    "type": "minecraft:item",
                    "name": "minecraft:iron_shovel",
                    "weight": 2
                },
                {
                    "type": "minecraft:item",
                    "name": "minecraft:compass",
                    "weight": 4
                },
                {
                    "type": "minecraft:item",
                    "name": "minecraft:spyglass",
                    "weight": 4
                },
                {
                    "type": "minecraft:item",
                    "name": "minecraft:flint_and_steel",
                    "weight": 1
                },
                {
                    "type": "minecraft:item",
                    "name": "minecraft:lead",
                    "weight": 2
                },
                {
                    "type": "minecraft:item",
                    "name": "minecraft:bundle",
                    "weight": 1
                },
                {
                    "type": "minecraft:item",
                    "name": "minecraft:shield",
                    "weight": 1
                }
            ]
        },
        {
            "rolls": {
                "type": "minecraft:uniform",
                "min": 0,
                "max": 2
            },
            "bonus_rolls": 0,
            "entries": [
                {
                    "type": "minecraft:item",
                    "name": "minecraft:crossbow",
                    "weight": 4
                },
                {
                    "type": "minecraft:item",
                    "name": "minecraft:bow",
                    "weight": 1
                }
            ]
        },
        {
            "rolls": 1,
            "bonus_rolls": 0,
            "entries": [
                {
                    "type": "minecraft:item",
                    "name": "minecraft:arrow",
                    "functions": [
                        {
                            "function": "minecraft:set_count",
                            "count": {
                                "type": "minecraft:uniform",
                                "min": 8,
                                "max": 24
                            }
                        }
                    ]
                }
            ]
        }
    ]
}