{
    "type": "minecraft:block",
    "functions": [
      {
        "function": "minecraft:explosion_decay"
      }
    ],
    "pools": [
      {
        "bonus_rolls": 0,
        "entries": [
          {
            "type": "minecraft:alternatives",
            "children": [
              {
                "type": "minecraft:item",
                "conditions": [
                  {
                    "block": "minecraft:beetroots",
                    "condition": "minecraft:block_state_property",
                    "properties": {
                      "age": "3"
                    }
                  }
                ],
                "name": "minecraft:beetroot"
              },
              {
                "type": "minecraft:item",
                "name": "minecraft:beetroot_seeds"
              }
            ]
          }
        ],
        "rolls": 1
      },
      {
        "bonus_rolls": 0,
        "conditions": [
          {
            "block": "minecraft:beetroots",
            "condition": "minecraft:block_state_property",
            "properties": {
              "age": "3"
            }
          }
        ],
        "entries": [
          {
            "type": "minecraft:item",
            "functions": [
              {
                "enchantment": "minecraft:fortune",
                "formula": "minecraft:binomial_with_bonus_count",
                "function": "minecraft:apply_bonus",
                "parameters": {
                  "extra": 3,
                  "probability": 0.5714286
                }
              }
            ],
            "name": "minecraft:beetroot_seeds"
          }
        ],
        "rolls": 1
      },
      {
        "bonus_rolls": 0,
        "conditions": [
          {
            "block": "minecraft:beetroots",
            "condition": "minecraft:block_state_property",
            "properties": {
              "age": "3"
            }
          }
        ],
        "entries": [
            {
            "type": "minecraft:item",
            "name": "minecraft:firework_star"
            }
        ],
        "functions": [
            {
            "function": "minecraft:set_nbt",
            "tag": "{Enmity.DeleteItem:1,CustomModelData:12,display:{Name:'{\"text\":\"Crop Essence\",\"color\":\"white\",\"italic\":false}',Lore:['{\"text\":\"It\\'s very volatile.\",\"italic\":false,\"color\":\"gray\"}']},Enmity.Type:\"crop_xp\",Enmity.Xp:1}"
            }
        ],
        "rolls": 1
      }
    ]
  }