{
    "type": "minecraft:block",
    "pools": [
      {
        "bonus_rolls": 0,
        "entries": [
          {
            "type": "minecraft:item",
            "functions": [
              {
                "add": false,
                "count": {
                  "type": "minecraft:uniform",
                  "max": 1,
                  "min": 0
                },
                "function": "minecraft:set_count"
              },
              {
                "function": "minecraft:explosion_decay"
              }
            ],
            "name": "minecraft:chorus_fruit"
          }
        ],
        "rolls": 1
      },
      {
        "bonus_rolls": 0,
        "entries": [
            {
            "type": "minecraft:item",
            "name": "minecraft:firework_star"
            }
        ],
        "functions": [
            {
            "function": "minecraft:set_nbt",
            "tag": "{Enmity.DeleteItem:1,CustomModelData:12,display:{Name:'{\"text\":\"Crop Essence\",\"color\":\"white\",\"italic\":false}',Lore:['{\"text\":\"It\\'s very volatile.\",\"italic\":false,\"color\":\"gray\"}']},Enmity.Type:\"crop_xp\",Enmity.Xp:10}"
            }
        ],
        "rolls": 1
      }
    ]
  }