{
    "type": "minecraft:block",
    "pools": [
      {
        "bonus_rolls": 0,
        "entries": [
          {
            "type": "minecraft:alternatives",
            "children": [
              {
                "type": "minecraft:item",
                "conditions": [
                  {
                    "condition": "minecraft:alternative",
                    "terms": [
                      {
                        "condition": "minecraft:match_tool",
                        "predicate": {
                          "items": [
                            "minecraft:shears"
                          ]
                        }
                      },
                      {
                        "condition": "minecraft:match_tool",
                        "predicate": {
                          "enchantments": [
                            {
                              "enchantment": "minecraft:silk_touch",
                              "levels": {
                                "min": 1
                              }
                            }
                          ]
                        }
                      }
                    ]
                  }
                ],
                "name": "minecraft:dark_oak_leaves"
              },
              {
                "type": "minecraft:item",
                "conditions": [
                  {
                    "condition": "minecraft:survives_explosion"
                  },
                  {
                    "chances": [
                      0.05,
                      0.0625,
                      0.083333336,
                      0.1
                    ],
                    "condition": "minecraft:table_bonus",
                    "enchantment": "minecraft:fortune"
                  }
                ],
                "name": "minecraft:firework_star",
                "functions": [
                    {
                        "function": "minecraft:set_nbt",
                        "tag": "{display:{Name:'{\"text\":\"Dark Oak Acorn\",\"italic\":false}'},Enmity.ItemGroups:[\"tree_seeds\"],CustomModelData:19,Enmity:1}"
                    }
                ]
              }
            ]
          }
        ],
        "rolls": 1
      },
      {
        "bonus_rolls": 0,
        "conditions": [
          {
            "condition": "minecraft:inverted",
            "term": {
              "condition": "minecraft:alternative",
              "terms": [
                {
                  "condition": "minecraft:match_tool",
                  "predicate": {
                    "items": [
                      "minecraft:shears"
                    ]
                  }
                },
                {
                  "condition": "minecraft:match_tool",
                  "predicate": {
                    "enchantments": [
                      {
                        "enchantment": "minecraft:silk_touch",
                        "levels": {
                          "min": 1
                        }
                      }
                    ]
                  }
                }
              ]
            }
          }
        ],
        "entries": [
          {
            "type": "minecraft:item",
            "conditions": [
              {
                "chances": [
                  0.02,
                  0.022222223,
                  0.025,
                  0.033333335,
                  0.1
                ],
                "condition": "minecraft:table_bonus",
                "enchantment": "minecraft:fortune"
              }
            ],
            "functions": [
              {
                "add": false,
                "count": {
                  "type": "minecraft:uniform",
                  "max": 2,
                  "min": 1
                },
                "function": "minecraft:set_count"
              },
              {
                "function": "minecraft:explosion_decay"
              }
            ],
            "name": "minecraft:stick"
          }
        ],
        "rolls": 1
      },
      {
        "bonus_rolls": 0,
        "conditions": [
          {
            "condition": "minecraft:inverted",
            "term": {
              "condition": "minecraft:alternative",
              "terms": [
                {
                  "condition": "minecraft:match_tool",
                  "predicate": {
                    "items": [
                      "minecraft:shears"
                    ]
                  }
                },
                {
                  "condition": "minecraft:match_tool",
                  "predicate": {
                    "enchantments": [
                      {
                        "enchantment": "minecraft:silk_touch",
                        "levels": {
                          "min": 1
                        }
                      }
                    ]
                  }
                }
              ]
            }
          }
        ],
        "entries": [
          {
            "type": "minecraft:item",
            "conditions": [
              {
                "condition": "minecraft:survives_explosion"
              },
              {
                "chances": [
                  0.005,
                  0.0055555557,
                  0.00625,
                  0.008333334,
                  0.025
                ],
                "condition": "minecraft:table_bonus",
                "enchantment": "minecraft:fortune"
              }
            ],
            "name": "minecraft:apple"
          }
        ],
        "rolls": 1
      }
    ]
  }