{
    "type": "minecraft:block",
    "pools": [
      {
        "bonus_rolls": 0,
        "entries": [
          {
            "type": "minecraft:item",
            "functions": [
              {
                "add": false,
                "conditions": [
                  {
                    "block": "minecraft:nether_wart",
                    "condition": "minecraft:block_state_property",
                    "properties": {
                      "age": "3"
                    }
                  }
                ],
                "count": {
                  "type": "minecraft:uniform",
                  "max": 4,
                  "min": 2
                },
                "function": "minecraft:set_count"
              },
              {
                "conditions": [
                  {
                    "block": "minecraft:nether_wart",
                    "condition": "minecraft:block_state_property",
                    "properties": {
                      "age": "3"
                    }
                  }
                ],
                "enchantment": "minecraft:fortune",
                "formula": "minecraft:uniform_bonus_count",
                "function": "minecraft:apply_bonus",
                "parameters": {
                  "bonusMultiplier": 1
                }
              }
            ],
            "name": "minecraft:nether_wart"
          }
        ],
        "functions": [
          {
            "function": "minecraft:explosion_decay"
          }
        ],
        "rolls": 1
      },
      {
        "bonus_rolls": 0,
        "conditions": [
          {
            "block": "minecraft:nether_wart",
            "condition": "minecraft:block_state_property",
            "properties": {
              "age": "3"
            }
          }
        ],
        "entries": [
            {
            "type": "minecraft:item",
            "name": "minecraft:firework_star"
            }
        ],
        "functions": [
            {
            "function": "minecraft:set_nbt",
            "tag": "{Enmity.DeleteItem:1,CustomModelData:12,display:{Name:'{\"text\":\"Crop Essence\",\"color\":\"white\",\"italic\":false}',Lore:['{\"text\":\"It\\'s very volatile.\",\"italic\":false,\"color\":\"gray\"}']},Enmity.Type:\"crop_xp\",Enmity.Xp:3}"
            }
        ],
        "rolls": 1
      }
    ]
  }