{
    "pools": [
      {
        "rolls": 1,
        "entries": [
          {
            "type": "minecraft:item",
            "name": "minecraft:firework_star",
            "functions": [
              {
                "function": "minecraft:set_nbt",
                "tag": "{CustomModelData:1006,Enmity.CustomBlock:1b,MiningLevel:0,Enmity.DeleteItem:1}"
              },
              {
                "function": "minecraft:set_nbt",
                "tag": "{MiningLevel:1}",
                "conditions": [
                  {
                    "condition": "minecraft:match_tool",
                    "predicate": {
                      "item": "minecraft:wooden_pickaxe"
                    }
                  }
                ]
              },
              {
                "function": "minecraft:set_nbt",
                "tag": "{MiningLevel:2}",
                "conditions": [
                  {
                    "condition": "minecraft:match_tool",
                    "predicate": {
                      "item": "minecraft:stone_pickaxe"
                    }
                  }
                ]
              },
              {
                "function": "minecraft:set_nbt",
                "tag": "{MiningLevel:3}",
                "conditions": [
                  {
                    "condition": "minecraft:match_tool",
                    "predicate": {
                      "item": "minecraft:golden_pickaxe"
                    }
                  }
                ]
              },
              {
                "function": "minecraft:set_nbt",
                "tag": "{MiningLevel:4}",
                "conditions": [
                  {
                    "condition": "minecraft:match_tool",
                    "predicate": {
                      "item": "minecraft:iron_pickaxe"
                    }
                  }
                ]
              },
              {
                "function": "minecraft:set_nbt",
                "tag": "{MiningLevel:5}",
                "conditions": [
                  {
                    "condition": "minecraft:match_tool",
                    "predicate": {
                      "item": "minecraft:diamond_pickaxe"
                    }
                  }
                ]
              },
              {
                "function": "minecraft:set_nbt",
                "tag": "{MiningLevel:6}",
                "conditions": [
                  {
                    "condition": "minecraft:match_tool",
                    "predicate": {
                      "item": "minecraft:netherite_pickaxe"
                    }
                  }
                ]
              }
            ]
          }
        ]
      }
    ]
  }