{
    "type": "minecraft:block",
    "pools": [
      {
        "rolls": 1,
        "bonus_rolls": 0,
        "entries": [
          {
            "type": "minecraft:alternatives",
            "children": [
              {
                "type": "minecraft:item",
                "conditions": [
                  {
                    "condition": "minecraft:match_tool",
                    "predicate": {
                      "enchantments": [
                        {
                          "enchantment": "minecraft:silk_touch",
                          "levels": {
                            "min": 1
                          }
                        }
                      ]
                    }
                  }
                ],
                "functions": [
                  {
                    "function": "minecraft:set_count",
                    "conditions": [
                      {
                        "condition": "minecraft:block_state_property",
                        "block": "minecraft:stone_slab",
                        "properties": {
                          "type": "double"
                        }
                      }
                    ],
                    "count": 2,
                    "add": false
                  }
                ],
                "name": "minecraft:stone_slab"
              },
              {
                "type": "minecraft:item",
                "conditions": [
                  {
                    "condition": "minecraft:survives_explosion"
                  }
                ],
                "functions": [
                  {
                    "function": "minecraft:set_count",
                    "conditions": [
                      {
                        "condition": "minecraft:block_state_property",
                        "block": "minecraft:stone_slab",
                        "properties": {
                          "type": "double"
                        }
                      }
                    ],
                    "count": 2,
                    "add": false
                  },
                  {
                    "function": "minecraft:explosion_decay"
                  }
                ],
                "name": "minecraft:cobblestone_slab"
              }
            ]
          }
        ]
      }
    ]
  }