{
    "type": "minecraft:jigsaw",
    "biomes": "#enmity:has_structure/underground_cabin",
    "step": "underground_structures",
    "spawn_overrides": {},
    "terrain_adaptation": "bury",
    "start_pool": "enmity:underground_cabin",
    "size": 1,
    "start_height": {
      "type": "minecraft:uniform",
      "min_inclusive": {
        "absolute": -40
      },
      "max_inclusive": {
        "absolute": 40
      }
    },
    "max_distance_from_center": 1,
    "use_expansion_hack": false
}