{
    "type": "minecraft:chest",
    "pools": [
      {
        "rolls": {
          "type": "minecraft:uniform",
          "min": 1,
          "max": 5
        },
        "bonus_rolls": 0,
        "entries": [
          {
            "type": "minecraft:item",
            "functions": [
              {
                "function": "minecraft:set_count",
                "count": {
                  "type": "minecraft:uniform",
                  "min": 1,
                  "max": 3
                },
                "add": false
              }
            ],
            "name": "minecraft:clay_ball"
          },
          {
            "type": "minecraft:item",
            "name": "minecraft:flower_pot"
          },
          {
            "type": "minecraft:item",
            "weight": 2,
            "name": "minecraft:stone"
          },
          {
            "type": "minecraft:item",
            "weight": 2,
            "name": "minecraft:stone_bricks"
          },
          {
            "type": "minecraft:item",
            "weight": 4,
            "functions": [
              {
                "function": "minecraft:set_count",
                "count": {
                  "type": "minecraft:uniform",
                  "min": 1,
                  "max": 4
                },
                "add": false
              }
            ],
            "name": "minecraft:bread"
          },
          {
            "type": "minecraft:item",
            "name": "minecraft:yellow_dye"
          },
          {
            "type": "minecraft:item",
            "name": "minecraft:smooth_stone"
          },
          {
            "type": "minecraft:item",
            "name": "minecraft:emerald"
          }
        ]
      },
      {
          "rolls": 1,
          "bonus_rolls": 0,
          "entries": [
            {
              "type": "minecraft:item",
              "name": "minecraft:warped_fungus_on_a_stick",
              "functions": [
                  {
                      "function": "minecraft:set_nbt",
                      "tag": "{display:{Name:'{\"text\":\"Shiny Red Balloon\",\"italic\":false}',Lore:['[{\"text\":\"Accessory type: \",\"italic\":false,\"color\":\"gray\"},{\"text\":\"mobility\",\"color\":\"white\"}]','[{\"text\":\"Grants Jump Boost and Slow Falling.\",\"italic\":false,\"color\":\"gray\"}]']},Unbreakable:1,HideFlags:4,CustomModelData:43,Enmity:1,Enmity.CustomCrafting:1}"
                  }
              ]
            }
          ],
          "conditions": [
              {
                  "condition": "minecraft:random_chance",
                  "chance": 0.1
              }
          ]
      }
    ]
  }