{
    "type": "minecraft:chest",
    "pools": [
      {
        "rolls": {
          "type": "minecraft:uniform",
          "min": 3,
          "max": 8
        },
        "bonus_rolls": 0,
        "entries": [
          {
            "type": "minecraft:item",
            "weight": 3,
            "functions": [
              {
                "function": "minecraft:set_count",
                "count": {
                  "type": "minecraft:uniform",
                  "min": 1,
                  "max": 3
                },
                "add": false
              }
            ],
            "name": "minecraft:diamond"
          },
          {
            "type": "minecraft:item",
            "weight": 10,
            "functions": [
              {
                "function": "minecraft:set_count",
                "count": {
                  "type": "minecraft:uniform",
                  "min": 1,
                  "max": 5
                },
                "add": false
              }
            ],
            "name": "minecraft:iron_ingot"
          },
          {
            "type": "minecraft:item",
            "weight": 5,
            "functions": [
              {
                "function": "minecraft:set_count",
                "count": {
                  "type": "minecraft:uniform",
                  "min": 1,
                  "max": 3
                },
                "add": false
              }
            ],
            "name": "minecraft:gold_ingot"
          },
          {
            "type": "minecraft:item",
            "weight": 15,
            "functions": [
              {
                "function": "minecraft:set_count",
                "count": {
                  "type": "minecraft:uniform",
                  "min": 1,
                  "max": 3
                },
                "add": false
              }
            ],
            "name": "minecraft:bread"
          },
          {
            "type": "minecraft:item",
            "weight": 15,
            "functions": [
              {
                "function": "minecraft:set_count",
                "count": {
                  "type": "minecraft:uniform",
                  "min": 1,
                  "max": 3
                },
                "add": false
              }
            ],
            "name": "minecraft:apple"
          },
          {
            "type": "minecraft:item",
            "weight": 5,
            "name": "minecraft:iron_pickaxe"
          },
          {
            "type": "minecraft:item",
            "weight": 5,
            "name": "minecraft:iron_sword"
          },
          {
            "type": "minecraft:item",
            "weight": 5,
            "name": "minecraft:iron_chestplate"
          },
          {
            "type": "minecraft:item",
            "weight": 5,
            "name": "minecraft:iron_helmet"
          },
          {
            "type": "minecraft:item",
            "weight": 5,
            "name": "minecraft:iron_leggings"
          },
          {
            "type": "minecraft:item",
            "weight": 5,
            "name": "minecraft:iron_boots"
          },
          {
            "type": "minecraft:item",
            "weight": 5,
            "functions": [
              {
                "function": "minecraft:set_count",
                "count": {
                  "type": "minecraft:uniform",
                  "min": 3,
                  "max": 7
                },
                "add": false
              }
            ],
            "name": "minecraft:obsidian"
          },
          {
            "type": "minecraft:item",
            "weight": 5,
            "functions": [
              {
                "function": "minecraft:set_count",
                "count": {
                  "type": "minecraft:uniform",
                  "min": 3,
                  "max": 7
                },
                "add": false
              }
            ],
            "name": "minecraft:oak_sapling"
          },
          {
            "type": "minecraft:item",
            "weight": 3,
            "name": "minecraft:saddle"
          },
          {
            "type": "minecraft:item",
            "name": "minecraft:iron_horse_armor"
          },
          {
            "type": "minecraft:item",
            "name": "minecraft:golden_horse_armor"
          },
          {
            "type": "minecraft:item",
            "name": "minecraft:diamond_horse_armor"
          }
        ]
      },
      {
          "rolls": 1,
          "bonus_rolls": 0,
          "entries": [
            {
              "type": "minecraft:item",
              "name": "minecraft:warped_fungus_on_a_stick",
              "functions": [
                  {
                      "function": "minecraft:set_nbt",
                      "tag": "{display:{Name:'{\"text\":\"Shiny Red Balloon\",\"italic\":false}',Lore:['[{\"text\":\"Accessory type: \",\"italic\":false,\"color\":\"gray\"},{\"text\":\"mobility\",\"color\":\"white\"}]','[{\"text\":\"Grants Jump Boost and Slow Falling.\",\"italic\":false,\"color\":\"gray\"}]']},Unbreakable:1,HideFlags:4,CustomModelData:43,Enmity:1,Enmity.CustomCrafting:1,Enmity.ItemGroups:[\"accessories\",\"mobility\"]}"
                  }
              ]
            }
          ],
          "conditions": [
              {
                  "condition": "minecraft:random_chance",
                  "chance": 0.1
              }
          ]
      }
    ]
  }