{
    "condition": "minecraft:alternative",
    "terms": [
      {
        "condition": "minecraft:location_check",
        "offsetY": -1,
        "predicate": {
          "block": {
            "blocks": [
              "minecraft:spawner"
            ],
            "nbt": "{SpawnData:{entity:{Tags:[\"enmity.waystone\"]}}}"
          }
        }
      },
      {
        "condition": "minecraft:value_check",
        "value": {
          "type": "minecraft:score",
          "target": "this",
          "score": "enmity.waystone"
        },
        "range": {
          "min": 1
        }
      }
    ]
}