[
    {
        "condition": "minecraft:entity_properties",
        "entity": "this",
        "predicate": {
          "equipment": {
            "offhand": {
              "tag": "enmity:weapons_and_armor"
            }
          }
        }
    },
    {
        "condition": "minecraft:inverted",
        "term": {
            "condition": "minecraft:entity_properties",
            "entity": "this",
            "predicate": {
              "equipment": {
                "offhand": {
                  "nbt": "{Enmity.DurabilityRemoved:1}"
                }
              }
            }
        }
    }
]