{
    "type": "minecraft:entity",
    "pools": [
      {
        "rolls": 1,
        "entries": [
          {
            "type": "minecraft:item",
            "name": "minecraft:warped_fungus_on_a_stick"
          }
        ],
        "functions": [
          {
            "function": "minecraft:set_nbt",
            "tag": "{display:{Name:'{\"text\":\"Alliance Rod\",\"italic\":false}',Lore:['[{\"text\":\"Damage: \",\"italic\":false,\"color\":\"gray\"},{\"text\":\"8\",\"color\":\"white\"}]','[{\"text\":\"Mana usage: \",\"italic\":false,\"color\":\"gray\"},{\"text\":\"80\",\"color\":\"white\"}]','[{\"text\":\"Cooldown: \",\"italic\":false,\"color\":\"gray\"},{\"text\":\"60\",\"color\":\"white\"}]','[{\"text\":\"Shoots a magical bolt which makes the hit enemy\",\"italic\":false,\"color\":\"gray\"}]','[{\"text\":\"less aggressive and somewhat confused.\",\"italic\":false,\"color\":\"gray\"}]','[{\"text\":\"Only some enemies are susceptible.\",\"italic\":false,\"color\":\"gray\"}]']},Unbreakable:1,HideFlags:4,CustomModelData:96,Enmity.CustomCrafting:1,Enmity:1}"
          }
        ],
        "conditions": [
            {
                "condition": "minecraft:random_chance_with_looting",
                "chance": 0.01,
                "looting_multiplier": 0.005
            },
            {
              "condition": "minecraft:value_check",
              "value": {
                "type": "minecraft:score",
                "target": {
                  "type": "minecraft:fixed",
                  "name": "%hardmode"
                },
                "score": "enmity.value",
                "scale": 1
              },
              "range": 1
            }
        ]
      },
      {
          "rolls": 1,
          "entries": [
              {
              "type": "minecraft:item",
              "name": "minecraft:firework_star"
              }
          ],
          "functions": [
              {
              "function": "minecraft:set_nbt",
              "tag": "{Enmity.DeleteItem:1,CustomModelData:12,display:{Name:'{\"text\":\"Death Essence\",\"color\":\"white\",\"italic\":false}',Lore:['{\"text\":\"It\\'s very volatile.\",\"italic\":false,\"color\":\"gray\"}']},Enmity.Type:\"death\",Xp:3}"
              }
          ]
      }
    ]
  }