{
    "type": "minecraft:entity",
    "pools": [
      {
        "rolls": 1,
        "bonus_rolls": 0,
        "entries": [
          {
            "type": "minecraft:item",
            "functions": [
              {
                "function": "minecraft:set_count",
                "count": {
                  "type": "minecraft:uniform",
                  "min": 0,
                  "max": 2
                },
                "add": false
              },
              {
                "function": "minecraft:looting_enchant",
                "count": {
                  "type": "minecraft:uniform",
                  "min": 0,
                  "max": 1
                }
              }
            ],
            "name": "minecraft:string"
          }
        ]
      },
      {
        "rolls": 1,
        "bonus_rolls": 0,
        "entries": [
          {
            "type": "minecraft:item",
            "functions": [
              {
                "function": "minecraft:set_count",
                "count": {
                  "type": "minecraft:uniform",
                  "min": -1,
                  "max": 1
                },
                "add": false
              },
              {
                "function": "minecraft:looting_enchant",
                "count": {
                  "type": "minecraft:uniform",
                  "min": 0,
                  "max": 1
                }
              }
            ],
            "name": "minecraft:spider_eye"
          }
        ]
      },
      {
        "rolls": 1,
        "entries": [
          {
            "type": "minecraft:item",
            "name": "minecraft:warped_fungus_on_a_stick"
          }
        ],
        "functions": [
          {
            "function": "minecraft:set_nbt",
            "tag": "{display:{Name:'{\"text\":\"Fang Staff\",\"italic\":false}',Lore:['[{\"text\":\"Damage: \",\"italic\":false,\"color\":\"gray\"},{\"text\":\"4\",\"color\":\"white\"}]','[{\"text\":\"Mana usage: \",\"italic\":false,\"color\":\"gray\"},{\"text\":\"70\",\"color\":\"white\"}]','[{\"text\":\"Cooldown: \",\"italic\":false,\"color\":\"gray\"},{\"text\":\"16\",\"color\":\"white\"}]','[{\"text\":\"Shoots a spread of homing poisonous fangs.\",\"italic\":false,\"color\":\"gray\"}]']},Unbreakable:1,HideFlags:4,CustomModelData:72,Enmity:1,Enmity.ItemGroups:[\"usable\",\"weapons\"]}"
          }
        ],
        "conditions": [
          {
            "condition": "minecraft:random_chance_with_looting",
            "chance": 0.03,
            "looting_multiplier": 0.01
          },
          {
            "condition": "minecraft:value_check",
            "value": {
              "type": "minecraft:score",
              "target": {
                "type": "minecraft:fixed",
                "name": "%hardmode"
              },
              "score": "enmity.value",
              "scale": 1
            },
            "range": 1
          }
        ]
      },
      {
          "rolls": 1,
          "entries": [
            {
              "type": "minecraft:item",
              "name": "minecraft:warped_fungus_on_a_stick",
              "weight": 1,
              "functions": [
                  {
                      "function": "minecraft:set_nbt",
                      "tag": "{display:{Name:'{\"text\":\"Web Slinger\",\"italic\":false}',Lore:['[{\"text\":\"Damage: \",\"italic\":false,\"color\":\"gray\"},{\"text\":\"8\",\"color\":\"white\"}]','[{\"text\":\"Mana usage: \",\"italic\":false,\"color\":\"gray\"},{\"text\":\"60\",\"color\":\"white\"}]','[{\"text\":\"Cooldown: \",\"italic\":false,\"color\":\"gray\"},{\"text\":\"24\",\"color\":\"white\"}]','[{\"text\":\"Sprays out threads of web\",\"italic\":false,\"color\":\"gray\"}]','[{\"text\":\"that slow enemies down.\",\"italic\":false,\"color\":\"gray\"}]']},Unbreakable:1,HideFlags:4,CustomModelData:98,Enmity:1,Enmity.ItemGroups:[\"usable\",\"weapons\"]}"
                  }
              ]
            }
        ],
          "conditions": [
              {
                  "condition": "minecraft:random_chance_with_looting",
                  "chance": 0.05,
                  "looting_multiplier": 0.02
              },
              {
                  "condition": "minecraft:reference",
                  "name": "enmity:environment/structure/mineshaft"
              }
          ]
      },
      {
          "rolls": 1,
          "entries": [
            {
              "type": "minecraft:item",
              "name": "minecraft:warped_fungus_on_a_stick",
              "weight": 1,
              "functions": [
                  {
                      "function": "minecraft:set_nbt",
                      "tag": "{display:{Name:'{\"text\":\"Bezoar\",\"italic\":false}',Lore:['[{\"text\":\"Accessory type: \",\"italic\":false,\"color\":\"gray\"},{\"text\":\"effect\",\"color\":\"white\"}]','[{\"text\":\"Grants immunity to Poison.\",\"italic\":false,\"color\":\"gray\"}]']},Unbreakable:1,HideFlags:4,CustomModelData:111,Enmity:1,Enmity.ItemGroups:[\"accessories\",\"effect\"]}"
                  }
              ]
            }
        ],
          "conditions": [
              {
                  "condition": "minecraft:random_chance_with_looting",
                  "chance": 0.03,
                  "looting_multiplier": 0.01
              }
          ]
      },
      {
          "rolls": 1,
          "entries": [
              {
              "type": "minecraft:item",
              "name": "minecraft:firework_star"
              }
          ],
          "functions": [
              {
              "function": "minecraft:set_nbt",
              "tag": "{Enmity.DeleteItem:1,CustomModelData:12,display:{Name:'{\"text\":\"Death Essence\",\"color\":\"white\",\"italic\":false}',Lore:['{\"text\":\"It\\'s very volatile.\",\"italic\":false,\"color\":\"gray\"}']},Enmity.Type:\"death\",Enmity.Xp:5}"
              }
          ]
      }
    ]
  }