{
    "type": "minecraft:entity",
    "pools": [
      {
        "rolls": 1,
        "entries": [
          {
            "type": "minecraft:item",
            "name": "minecraft:bundle"
          }
        ],
        "functions": [
          {
            "function": "minecraft:set_nbt",
            "tag": "{display:{Name:'{\"text\":\"Treasure Bag\",\"italic\":false}'},Enmity:1,CustomModelData:3,Enmity.BossLoot:1,Items:[{id:\"warped_fungus_on_a_stick\",Count:1,tag:{display:{Name:'{\"text\":\"Torrential Scepter\",\"italic\":false}',Lore:['[{\"text\":\"Damage: \",\"italic\":false,\"color\":\"gray\"},{\"text\":\"13\",\"color\":\"white\"}]','[{\"text\":\"Mana usage: \",\"italic\":false,\"color\":\"gray\"},{\"text\":\"100\",\"color\":\"white\"}]','[{\"text\":\"Cooldown: \",\"italic\":false,\"color\":\"gray\"},{\"text\":\"24\",\"color\":\"white\"}]','[{\"text\":\"Summons 3 torrential bolts\",\"italic\":false,\"color\":\"gray\"}]','[{\"text\":\"that are launched forward after a while.\",\"italic\":false,\"color\":\"gray\"}]']},Unbreakable:1,HideFlags:4,CustomModelData:68,Enmity:1}},{id:\"warped_fungus_on_a_stick\",Count:1,tag:{display:{Name:'{\"text\":\"Aquatic Discharge\",\"italic\":false}',Lore:['[{\"text\":\"Damage: \",\"italic\":false,\"color\":\"gray\"},{\"text\":\"14\",\"color\":\"white\"}]','[{\"text\":\"Mana usage: \",\"italic\":false,\"color\":\"gray\"},{\"text\":\"60\",\"color\":\"white\"}]','[{\"text\":\"Cooldown: \",\"italic\":false,\"color\":\"gray\"},{\"text\":\"8\",\"color\":\"white\"}]','[{\"text\":\"Releases up to 3 streams of water.\",\"italic\":false,\"color\":\"gray\"}]']},Unbreakable:1,HideFlags:4,CustomModelData:62,Enmity:1}},{id:\"warped_fungus_on_a_stick\",Count:1,tag:{display:{Name:'{\"text\":\"Guardian Thorn\",\"italic\":false}',Lore:['[{\"text\":\"Damage: \",\"italic\":false,\"color\":\"gray\"},{\"text\":\"15\",\"color\":\"white\"}]','[{\"text\":\"Mana usage: \",\"italic\":false,\"color\":\"gray\"},{\"text\":\"200\",\"color\":\"white\"}]','[{\"text\":\"Cooldown: \",\"italic\":false,\"color\":\"gray\"},{\"text\":\"12\",\"color\":\"white\"}]','[{\"text\":\"Summons a friendly Guardian.\",\"italic\":false,\"color\":\"gray\"}]','[{\"text\":\"This is a following sentry.\",\"italic\":false,\"color\":\"gray\"}]','[{\"text\":\"Up to 3 following sentries may orbit you at once.\",\"italic\":false,\"color\":\"gray\"}]','[{\"text\":\"Sneak while using to force the sentry to stay.\",\"italic\":false,\"color\":\"gray\"}]']},Unbreakable:1,HideFlags:4,CustomModelData:67,Enmity:1}}]}"
          }
        ]
      },
      {
        "rolls": 1,
        "entries": [
          {
            "type": "minecraft:item",
            "name": "minecraft:warped_fungus_on_a_stick"
          }
        ],
        "functions": [
          {
            "function": "minecraft:set_nbt",
            "tag": "{display:{Name:'{\"text\":\"Elder Guardian\\'s Tear\",\"italic\":false}',Lore:['[{\"text\":\"Toggles the rain.\",\"italic\":false,\"color\":\"gray\"}]','[{\"text\":\"Expert mode\",\"italic\":false,\"color\":\"red\"}]']},Unbreakable:1,HideFlags:4,CustomModelData:69,Enmity:1,Enmity.BossLoot:1}"
          }
        ],
        "conditions": [
          {
            "condition": "minecraft:value_check",
            "value": {
              "type": "minecraft:score",
              "target": {
                "type": "minecraft:fixed",
                "name": "%difficulty"
              },
              "score": "enmity.value",
              "scale": 1
            },
            "range": 2
          }
        ]
      },
      {
        "rolls": 1,
        "entries": [
          {
            "type": "minecraft:item",
            "name": "minecraft:firework_star"
          }
        ],
        "functions": [
          {
            "function": "minecraft:set_nbt",
            "tag": "{display:{Name:'{\"text\":\"Elder Guardian\\'s Scale\",\"italic\":false}'},Enmity:1,CustomModelData:10,Enmity.BossLoot:1}"
          },
          {
            "function": "minecraft:set_count",
            "count": {
              "min": 15,
              "max": 25
            }
          }
        ],
        "conditions": [
          {
            "condition": "minecraft:value_check",
            "value": {
              "type": "minecraft:score",
              "target": {
                "type": "minecraft:fixed",
                "name": "%difficulty"
              },
              "score": "enmity.value",
              "scale": 1
            },
            "range": 2
          }
        ]
      },
      {
        "rolls": 1,
        "entries": [
          {
            "type": "minecraft:item",
            "name": "minecraft:firework_star"
          }
        ],
        "functions": [
          {
            "function": "minecraft:set_nbt",
            "tag": "{display:{Name:'{\"text\":\"Elder Guardian\\'s Scale\",\"italic\":false}'},Enmity:1,CustomModelData:10,Enmity.BossLoot:1}"
          },
          {
            "function": "minecraft:set_count",
            "count": {
              "min": 10,
              "max": 20
            }
          }
        ],
        "conditions": [
          {
            "condition": "minecraft:value_check",
            "value": {
              "type": "minecraft:score",
              "target": {
                "type": "minecraft:fixed",
                "name": "%difficulty"
              },
              "score": "enmity.value",
              "scale": 1
            },
            "range": 1
          }
        ]
      },
      {
          "rolls": 1,
          "entries": [
              {
              "type": "minecraft:item",
              "name": "minecraft:firework_star"
              }
          ],
          "functions": [
              {
              "function": "minecraft:set_nbt",
              "tag": "{Enmity.DeleteItem:1,CustomModelData:12,display:{Name:'{\"text\":\"Death Essence\",\"color\":\"white\",\"italic\":false}',Lore:['{\"text\":\"It\\'s very volatile.\",\"italic\":false,\"color\":\"gray\"}']},Enmity.Type:\"death\",Xp:800}"
              }
          ]
      },
    {
      "rolls": 1,
      "entries": [
        {
          "type": "minecraft:item",
          "name": "minecraft:firework_star"
        }
      ],
      "functions": [
        {
          "function": "minecraft:set_nbt",
          "tag": "{Enmity.DeleteItem:1,CustomModelData:12,display:{Name:'{\"text\":\"Death Essence\",\"color\":\"white\",\"italic\":false}',Lore:['{\"text\":\"It\\'s very volatile.\",\"italic\":false,\"color\":\"gray\"}']},Enmity.Type:\"elder_guardian\"}"
        }
      ]
    }
    ]
  }