{
    "type": "minecraft:entity",
    "pools": [
        {
          "rolls": 1,
          "entries": [
            {
              "type": "minecraft:item",
              "name": "minecraft:warped_fungus_on_a_stick",
              "functions": [
                {
                  "function": "minecraft:set_nbt",
                  "tag": "{display:{Name:'{\"text\":\"Frog\\'s Leg\",\"italic\":false}',Lore:['[{\"text\":\"Accessory type: \",\"italic\":false,\"color\":\"gray\"},{\"text\":\"effect\",\"color\":\"white\"}]','[{\"text\":\"Hold briefly and release sneak to charge a long jump.\",\"italic\":false,\"color\":\"gray\"}]','[{\"text\":\"Disables Jump Boost.\",\"italic\":false,\"color\":\"gray\"}]']},Unbreakable:1,HideFlags:4,CustomModelData:95,Enmity:1}"
                }
              ],
              "conditions": [
                {
                  "condition": "minecraft:random_chance_with_looting",
                  "chance": 0.03,
                  "looting_multiplier": 0.01
                }
              ]
            }
          ]
        },
        {
            "rolls": 1,
            "entries": [
                {
                "type": "minecraft:item",
                "name": "minecraft:firework_star"
                }
            ],
            "functions": [
                {
                "function": "minecraft:set_nbt",
                "tag": "{Enmity.DeleteItem:1,CustomModelData:12,display:{Name:'{\"text\":\"Death Essence\",\"color\":\"white\",\"italic\":false}',Lore:['{\"text\":\"It\\'s very volatile.\",\"italic\":false,\"color\":\"gray\"}']},Enmity.Type:\"death\",Xp:3}"
                }
            ]
        }
    ]
}