{
    "type": "minecraft:entity",
    "pools": [
      {
        "rolls": 1,
        "entries": [
          {
            "type": "minecraft:item",
            "name": "minecraft:bundle"
          }
        ],
        "functions": [
          {
            "function": "minecraft:set_nbt",
            "tag": "{display:{Name:'{\"text\":\"Treasure Bag\",\"italic\":false}'},Enmity:1,CustomModelData:1,Enmity.BossLoot:1,Items:[{id:\"warped_fungus_on_a_stick\",Count:1,tag:{display:{Name:'{\"text\":\"Boulder Staff\",\"italic\":false}',Lore:['[{\"text\":\"Damage: \",\"italic\":false,\"color\":\"gray\"},{\"text\":\"10\",\"color\":\"white\"}]','[{\"text\":\"Mana usage: \",\"italic\":false,\"color\":\"gray\"},{\"text\":\"80\",\"color\":\"white\"}]','[{\"text\":\"Cooldown: \",\"italic\":false,\"color\":\"gray\"},{\"text\":\"20\",\"color\":\"white\"}]','[{\"text\":\"Launches a large boulder\",\"italic\":false,\"color\":\"gray\"}]','[{\"text\":\"which rolls on the ground.\",\"italic\":false,\"color\":\"gray\"}]']},Unbreakable:1,HideFlags:4,CustomModelData:46,Enmity:1,Enmity.ItemGroups:[\"usable\",\"weapons\"]}},{id:\"warped_fungus_on_a_stick\",Count:1,tag:{display:{Name:'{\"text\":\"Call of the Undead\",\"italic\":false}',Lore:['[{\"text\":\"Damage: \",\"italic\":false,\"color\":\"gray\"},{\"text\":\"10\",\"color\":\"white\"}]','[{\"text\":\"Mana usage: \",\"italic\":false,\"color\":\"gray\"},{\"text\":\"20/s\",\"color\":\"white\"}]','[{\"text\":\"Cooldown: \",\"italic\":false,\"color\":\"gray\"},{\"text\":\"24\",\"color\":\"white\"}]','[{\"text\":\"Summons a boulder tossing Zombie.\",\"italic\":false,\"color\":\"gray\"}]']},Unbreakable:1,HideFlags:4,CustomModelData:47,Enmity:1,Enmity.ItemGroups:[\"usable\",\"weapons\"]}},{id:\"warped_fungus_on_a_stick\",Count:1,tag:{display:{Name:'{\"text\":\"Entrail Spewer\",\"italic\":false}',Lore:['[{\"text\":\"Damage: \",\"italic\":false,\"color\":\"gray\"},{\"text\":\"3\",\"color\":\"white\"}]','[{\"text\":\"Mana usage: \",\"italic\":false,\"color\":\"gray\"},{\"text\":\"10\",\"color\":\"white\"}]','[{\"text\":\"Cooldown: \",\"italic\":false,\"color\":\"gray\"},{\"text\":\"4\",\"color\":\"white\"}]','[{\"text\":\"Spews clusters of rotten flesh.\",\"italic\":false,\"color\":\"gray\"}]','[{\"text\":\"Uses Rotten Flesh as ammo.\",\"italic\":false,\"color\":\"gray\"}]','[{\"text\":\"60% chance to not consume ammo.\",\"italic\":false,\"color\":\"gray\"}]']},Unbreakable:1,HideFlags:4,CustomModelData:71,Enmity:1,Enmity.ItemGroups:[\"usable\",\"weapons\"]}}]}"
          }
        ]
      },
      {
        "rolls": 1,
        "entries": [
          {
            "type": "minecraft:item",
            "name": "minecraft:rotten_flesh",
            "functions": [
              {
                "function": "minecraft:set_count",
                "count": {
                  "type": "minecraft:uniform",
                  "min": 20,
                  "max": 40
                },
                "add": false
              },
              {
                "function": "minecraft:set_nbt",
                "tag": "{Enmity.BossLoot:1}"
              }
            ]
          }
        ]
      },
      {
        "rolls": 1,
        "entries": [
          {
            "type": "minecraft:item",
            "name": "minecraft:warped_fungus_on_a_stick"
          }
        ],
        "functions": [
          {
            "function": "minecraft:set_nbt",
            "tag": "{display:{Name:'{\"text\":\"Rotten Chunk\",\"italic\":false}',Lore:['[{\"text\":\"Accessory type: \",\"italic\":false,\"color\":\"gray\"},{\"text\":\"effect\",\"color\":\"white\"}]','[{\"text\":\"Regenerates some of the lost health upon taking damage.\",\"italic\":false,\"color\":\"gray\"}]','[{\"text\":\"Expert mode\",\"italic\":false,\"color\":\"red\"}]']},Unbreakable:1,HideFlags:4,CustomModelData:48,Enmity:1,Enmity.BossLoot:1,Enmity.ItemGroups:[\"accessories\",\"effect\"]}"
          }
        ],
        "conditions": [
          {
            "condition": "minecraft:value_check",
            "value": {
              "type": "minecraft:score",
              "target": {
                "type": "minecraft:fixed",
                "name": "%difficulty"
              },
              "score": "enmity.value",
              "scale": 1
            },
            "range": 2
          }
        ]
      },
      {
        "rolls": 1,
        "entries": [
            {
                "type": "minecraft:loot_table",
                "name": "enmity:other/ancient_city_explorer_map",
                "functions": [
                    {
                        "function": "minecraft:set_nbt",
                        "tag": "{Enmity.BossLoot:1}"
                    }
                ]
            }
        ]
      },
      {
          "rolls": 1,
          "entries": [
              {
              "type": "minecraft:item",
              "name": "minecraft:firework_star"
              }
          ],
          "functions": [
              {
              "function": "minecraft:set_nbt",
              "tag": "{Enmity.DeleteItem:1,CustomModelData:12,display:{Name:'{\"text\":\"Death Essence\",\"color\":\"white\",\"italic\":false}',Lore:['{\"text\":\"It\\'s very volatile.\",\"italic\":false,\"color\":\"gray\"}']},Enmity.Type:\"death\",Enmity.Xp:250}"
              }
          ]
      },
    {
      "rolls": 1,
      "entries": [
        {
          "type": "minecraft:item",
          "name": "minecraft:firework_star"
        }
      ],
      "functions": [
        {
          "function": "minecraft:set_nbt",
          "tag": "{Enmity.DeleteItem:1,CustomModelData:12,display:{Name:'{\"text\":\"Death Essence\",\"color\":\"white\",\"italic\":false}',Lore:['{\"text\":\"It\\'s very volatile.\",\"italic\":false,\"color\":\"gray\"}']},Enmity.Type:\"giant\"}"
        }
      ]
    }
    ]
  }
  