{
    "type": "minecraft:entity",
    "pools": [
        {
            "rolls": 1,
            "bonus_rolls": 0,
            "entries": [
            {
                "type": "minecraft:item",
                "name": "minecraft:prismarine_shard",
                "functions": [
                {
                    "function": "minecraft:set_count",
                    "count": {
                    "type": "minecraft:uniform",
                    "min": 0,
                    "max": 2
                    },
                    "add": false
                },
                {
                    "function": "minecraft:looting_enchant",
                    "count": {
                    "type": "minecraft:uniform",
                    "min": 0,
                    "max": 1
                    }
                }
                ]
            }
            ]
        },
        {
            "rolls": 1,
            "bonus_rolls": 0,
            "entries": [
            {
                "type": "minecraft:item",
                "weight": 2,
                "name": "minecraft:cod",
                "functions": [
                {
                    "function": "minecraft:looting_enchant",
                    "count": {
                    "type": "minecraft:uniform",
                    "min": 0,
                    "max": 1
                    }
                },
                {
                    "function": "minecraft:furnace_smelt",
                    "conditions": [
                    {
                        "condition": "minecraft:entity_properties",
                        "entity": "this",
                        "predicate": {
                        "flags": {
                            "is_on_fire": true
                        }
                        }
                    }
                    ]
                }
                ]
            },
            {
                "type": "minecraft:item",
                "weight": 2,
                "name": "minecraft:prismarine_crystals",
                "functions": [
                {
                    "function": "minecraft:looting_enchant",
                    "count": {
                    "type": "minecraft:uniform",
                    "min": 0,
                    "max": 1
                    }
                }
                ]
            },
            {
                "type": "minecraft:empty"
            }
            ]
        },
        {
            "rolls": 1,
            "bonus_rolls": 0,
            "entries": [
            {
                "type": "minecraft:loot_table",
                "name": "minecraft:gameplay/fishing/fish",
                "functions": [
                {
                    "function": "minecraft:furnace_smelt",
                    "conditions": [
                    {
                        "condition": "minecraft:entity_properties",
                        "entity": "this",
                        "predicate": {
                        "flags": {
                            "is_on_fire": true
                        }
                        }
                    }
                    ]
                }
                ]
            }
            ],
            "conditions": [
            {
                "condition": "minecraft:random_chance_with_looting",
                "chance": 0.025,
                "looting_multiplier": 0.01
            }
            ]
        },
        {
          "rolls": 1,
          "entries": [
              {
                  "type": "minecraft:item",
                  "name": "minecraft:wet_sponge",
                  "weight": 9
              },
              {
                  "type": "minecraft:item",
                  "name": "minecraft:sponge",
                  "weight": 1
              }
          ],
          "conditions": [
            {
                "condition": "minecraft:random_chance_with_looting",
                "chance": 0.1,
                "looting_multiplier": 0.3
            }
          ]
        },
        {
            "rolls": 1,
            "entries": [
                {
                "type": "minecraft:item",
                "name": "minecraft:firework_star"
                }
            ],
            "functions": [
                {
                "function": "minecraft:set_nbt",
                "tag": "{Enmity.DeleteItem:1,CustomModelData:12,display:{Name:'{\"text\":\"Death Essence\",\"color\":\"white\",\"italic\":false}',Lore:['{\"text\":\"It\\'s very volatile.\",\"italic\":false,\"color\":\"gray\"}']},Enmity.Type:\"death\",Xp:8}"
                }
            ]
        },
        {
            "rolls": 1,
            "entries": [
                {
                "type": "minecraft:item",
                "name": "minecraft:firework_star"
                }
            ],
            "functions": [
                {
                "function": "minecraft:set_nbt",
                "tag": "{Enmity.DeleteItem:1,CustomModelData:12,display:{Name:'{\"text\":\"Death Essence\",\"color\":\"white\",\"italic\":false}',Lore:['{\"text\":\"It\\'s very volatile.\",\"italic\":false,\"color\":\"gray\"}']},Enmity.Type:\"guardian\"}"
                }
            ]
        }
    ]
}
  