{
    "type": "minecraft:entity",
    "pools": [
      {
        "rolls": 1,
        "bonus_rolls": 0,
        "entries": [
          {
            "type": "minecraft:item",
            "functions": [
              {
                "function": "minecraft:set_count",
                "count": {
                  "type": "minecraft:uniform",
                  "min": 0,
                  "max": 2
                },
                "add": false
              },
              {
                "function": "minecraft:looting_enchant",
                "count": {
                  "type": "minecraft:uniform",
                  "min": 0,
                  "max": 1
                }
              }
            ],
            "name": "minecraft:rotten_flesh"
          }
        ]
      },
      {
        "rolls": 1,
        "bonus_rolls": 0,
        "entries": [
          {
            "type": "minecraft:item",
            "name": "minecraft:iron_ingot"
          },
          {
            "type": "minecraft:item",
            "name": "minecraft:carrot"
          },
          {
            "type": "minecraft:item",
            "functions": [
              {
                "function": "minecraft:furnace_smelt",
                "conditions": [
                  {
                    "condition": "minecraft:entity_properties",
                    "predicate": {
                      "flags": {
                        "is_on_fire": true
                      }
                    },
                    "entity": "this"
                  }
                ]
              }
            ],
            "name": "minecraft:potato"
          }
        ],
        "conditions": [
          {
            "condition": "minecraft:random_chance_with_looting",
            "chance": 0.025,
            "looting_multiplier": 0.01
          }
        ]
      },
      {
          "rolls": 1,
          "entries": [
            {
              "type": "minecraft:item",
              "name": "minecraft:warped_fungus_on_a_stick",
              "functions": [
                  {
                      "function": "minecraft:set_nbt",
                      "tag": "{display:{Name:'{\"text\":\"Necromantic Brew\",\"italic\":false}',Lore:['[{\"text\":\"Accessory type: \",\"italic\":false,\"color\":\"gray\"},{\"text\":\"effect\",\"color\":\"white\"}]','[{\"text\":\"When equipped, Rotten Flesh cures Hunger\",\"italic\":false,\"color\":\"gray\"}]','[{\"text\":\"instead of causing it. It is also more nutrious.\",\"italic\":false,\"color\":\"gray\"}]']},Unbreakable:1,HideFlags:4,CustomModelData:99,Enmity:1}"
                  }
              ]
            }
          ],
          "conditions": [
              {
                  "condition": "minecraft:random_chance_with_looting",
                  "chance": 0.01,
                  "looting_multiplier": 0.005
              }
          ]
      },
      {
          "rolls": 1,
          "entries": [
              {
              "type": "minecraft:item",
              "name": "minecraft:firework_star"
              }
          ],
          "functions": [
              {
              "function": "minecraft:set_nbt",
              "tag": "{Enmity.DeleteItem:1,CustomModelData:12,display:{Name:'{\"text\":\"Death Essence\",\"color\":\"white\",\"italic\":false}',Lore:['{\"text\":\"It\\'s very volatile.\",\"italic\":false,\"color\":\"gray\"}']},Enmity.Type:\"death\",Xp:8}"
              }
          ]
      }
    ]
  }