{
    "type": "minecraft:entity",
    "pools": [
      {
        "rolls": 1,
        "entries": [
          {
            "type": "minecraft:item",
            "name": "minecraft:warped_fungus_on_a_stick",
            "functions": [
              {
                "function": "minecraft:set_nbt",
                "tag": "{display:{Name:'{\"text\":\"Ender Warper\",\"italic\":false}',Lore:['[{\"text\":\"Mana usage: \",\"italic\":false,\"color\":\"gray\"},{\"text\":\"100\",\"color\":\"white\"}]','[{\"text\":\"Cooldown: \",\"italic\":false,\"color\":\"gray\"},{\"text\":\"16\",\"color\":\"white\"}]','[{\"text\":\"Shoots a phasing bolt which teleports you.\",\"italic\":false,\"color\":\"gray\"}]']},Unbreakable:1,HideFlags:4,CustomModelData:49,Enmity:1}"
              }
            ],
            "conditions": [
              {
                "condition": "minecraft:random_chance_with_looting",
                "chance": 0.02,
                "looting_multiplier": 0
              }
            ]
          }
        ]
      },
      {
          "rolls": 1,
          "entries": [
              {
                "type": "minecraft:item",
                "name": "minecraft:enchanted_golden_apple",
                "conditions": [
                    {
                        "condition": "minecraft:random_chance_with_looting",
                        "chance": 0.1,
                        "looting_multiplier": 1
                    }
                ]
              }
          ]
      },
      {
          "rolls": 1,
          "entries": [
              {
              "type": "minecraft:item",
              "name": "minecraft:firework_star"
              }
          ],
          "functions": [
              {
              "function": "minecraft:set_nbt",
              "tag": "{Enmity.DeleteItem:1,CustomModelData:12,display:{Name:'{\"text\":\"Death Essence\",\"color\":\"white\",\"italic\":false}',Lore:['{\"text\":\"It\\'s very volatile.\",\"italic\":false,\"color\":\"gray\"}']},Enmity.Type:\"death\",Xp:8}"
              }
          ]
      }
    ]
  }