{
    "pools": [
        { 
            "rolls": {
                "min": 1,
                "max": 2
            },
            "entries": [
                {
                    "type": "item",
                    "name": "minecraft:air",
                    "weight": 1,
                    "functions": [
                        {
                            "function": "set_count",
                            "count": 0
                        }
                    ]
                }
            ]
        }
    ]
}