{
    "processors": [
      {
        "processor_type": "minecraft:rule",
        "rules": [
          {
            "input_predicate": {
              "block": "minecraft:oak_planks",
              "predicate_type": "minecraft:random_block_match",
              "probability": 0.25
            },
            "location_predicate": {
              "predicate_type": "minecraft:always_true"
            },
            "output_state": {
              "Name": "minecraft:oak_slab",
              "Properties": {
                "type": "bottom"
              }
            }
          },
          {
            "input_predicate": {
              "block": "minecraft:oak_planks",
              "predicate_type": "minecraft:random_block_match",
              "probability": 0.25
            },
            "location_predicate": {
              "predicate_type": "minecraft:always_true"
            },
            "output_state": {
              "Name": "minecraft:oak_slab",
              "Properties": {
                "type": "top"
              }
            }
          },
          {
            "input_predicate": {
              "block": "minecraft:oak_planks",
              "predicate_type": "minecraft:random_block_match",
              "probability": 0.25
            },
            "location_predicate": {
              "predicate_type": "minecraft:always_true"
            },
            "output_state": {
              "Name": "minecraft:cobweb"
            }
          },
          {
            "input_predicate": {
              "block": "minecraft:oak_planks",
              "predicate_type": "minecraft:random_block_match",
              "probability": 0.25
            },
            "location_predicate": {
              "predicate_type": "minecraft:always_true"
            },
            "output_state": {
              "Name": "minecraft:air"
            }
          }
        ]
      }
    ]
  }