{
  "condition": "minecraft:entity_properties",
  "entity": "this",
  "predicate": {
    "equipment": {
      "head": {
        "items": [
          "minecraft:golden_helmet"
        ]
      },
      "chest": {
        "items": [
          "minecraft:golden_chestplate"
        ]
      },
      "legs": {
        "items": [
          "minecraft:golden_leggings"
        ]
      },
      "feet": {
        "items": [
          "minecraft:golden_boots"
        ]
      }
    }
  }
}