{
    "type": "minecraft:chest",
    "pools": [
      {
        "bonus_rolls": 0,
        "rolls": {
          "type": "minecraft:uniform",
          "max": 10,
          "min": 6
        },
        "entries": [
          {
            "type": "minecraft:item",
            "functions": [
              {
                "add": false,
                "count": {
                  "type": "minecraft:uniform",
                  "max": 12,
                  "min": 4
                },
                "function": "minecraft:set_count"
              }
            ],
            "name": "minecraft:experience_bottle",
            "weight": 20
          },
          {
            "type": "minecraft:item",
            "functions": [
              {
                "add": false,
                "count": {
                  "type": "minecraft:uniform",
                  "max": 6,
                  "min": 2
                },
                "function": "minecraft:set_count"
              }
            ],
            "name": "minecraft:iron_ingot",
            "weight": 10
          },
          {
            "type": "minecraft:item",
            "functions": [
              {
                "add": false,
                "count": {
                  "type": "minecraft:uniform",
                  "max": 6,
                  "min": 2
                },
                "function": "minecraft:set_count"
              }
            ],
            "name": "minecraft:redstone",
            "weight": 10
          },
          {
            "type": "minecraft:item",
            "functions": [
              {
                "add": false,
                "count": {
                  "type": "minecraft:uniform",
                  "max": 6,
                  "min": 2
                },
                "function": "minecraft:set_count"
              }
            ],
            "name": "minecraft:lapis_lazuli",
            "weight": 10
          },
          {
            "type": "minecraft:item",
            "functions": [
              {
                "add": false,
                "count": {
                  "type": "minecraft:uniform",
                  "max": 6,
                  "min": 2
                },
                "function": "minecraft:set_count"
              }
            ],
            "name": "minecraft:gold_ingot",
            "weight": 5
          },
          {
            "type": "minecraft:item",
            "functions": [
              {
                "add": false,
                "count": {
                  "type": "minecraft:uniform",
                  "max": 4,
                  "min": 2
                },
                "function": "minecraft:set_count"
              }
            ],
            "name": "minecraft:diamond",
            "weight": 8
          },
          {
            "type": "minecraft:item",
            "functions": [
              {
                "add": false,
                "count": {
                  "type": "minecraft:uniform",
                  "max": 4,
                  "min": 2
                },
                "function": "minecraft:set_count"
              }
            ],
            "name": "minecraft:emerald",
            "weight": 8
          },
          {
            "type": "minecraft:item",
            "functions": [
              {
                "add": false,
                "count": {
                  "type": "minecraft:uniform",
                  "max": 8,
                  "min": 2
                },
                "function": "minecraft:set_count"
              }
            ],
            "name": "minecraft:amethyst_shard",
            "weight": 10
          },
          {
            "type": "minecraft:item",
            "name": "minecraft:iron_pickaxe",
            "weight": 3
          },
          {
            "type": "minecraft:item",
            "name": "minecraft:iron_sword",
            "weight": 3
          },
          {
            "type": "minecraft:item",
            "name": "minecraft:iron_axe",
            "weight": 3
          },
          {
            "type": "minecraft:item",
            "name": "minecraft:iron_shovel",
            "weight": 3
          },
          {
            "type": "minecraft:item",
            "name": "minecraft:iron_hoe",
            "weight": 3
          },
          {
            "type": "minecraft:item",
            "name": "minecraft:diamond_pickaxe",
            "weight": 2
          },
          {
            "type": "minecraft:item",
            "name": "minecraft:diamond_sword",
            "weight": 2
          },
          {
            "type": "minecraft:item",
            "name": "minecraft:diamond_axe",
            "weight": 2
          },
          {
            "type": "minecraft:item",
            "name": "minecraft:diamond_shovel",
            "weight": 2
          },
          {
            "type": "minecraft:item",
            "name": "minecraft:diamond_hoe",
            "weight": 2
          },
          {
            "type": "minecraft:item",
            "name": "minecraft:leather_leggings",
            "weight": 5,
            "functions": [
                {
                    "function": "minecraft:set_nbt",
                    "tag": "{display:{Name:'{\"text\":\"Amethyst Leggings\",\"italic\":false}',color:11964415,Lore:['[{\"text\":\"Set bonus:\",\"italic\":false,\"color\":\"gray\"}]','[{\"text\":\"   +1\",\"italic\":false,\"color\":\"white\"},{\"text\":\" Magic damage\",\"italic\":false,\"color\":\"gray\"}]','[{\"text\":\"   +1\",\"italic\":false,\"color\":\"white\"},{\"text\":\" Magic damage reduction\",\"italic\":false,\"color\":\"gray\"}]']},Unbreakable:1,Enmity:1,Enmity.ArmorType:\"amethyst\",AttributeModifiers:[{AttributeName:\"generic.armor\",Name:\"0\",Amount:3.0,Operation:0,UUID:[I;1,1,1,2],Slot:\"legs\"}],Enmity.CustomCrafting:1}"
                }
            ]
          },
          {
            "type": "minecraft:item",
            "name": "minecraft:leather_helmet",
            "weight": 5,
            "functions": [
                {
                    "function": "minecraft:set_nbt",
                    "tag": "{display:{Name:'{\"text\":\"Amethyst Helmet\",\"italic\":false}',color:11964415,Lore:['[{\"text\":\"Set bonus:\",\"italic\":false,\"color\":\"gray\"}]','[{\"text\":\"   +1\",\"italic\":false,\"color\":\"white\"},{\"text\":\" Magic damage\",\"italic\":false,\"color\":\"gray\"}]','[{\"text\":\"   +1\",\"italic\":false,\"color\":\"white\"},{\"text\":\" Magic damage reduction\",\"italic\":false,\"color\":\"gray\"}]']},Unbreakable:1,Enmity:1,Enmity.ArmorType:\"amethyst\",AttributeModifiers:[{AttributeName:\"generic.armor\",Name:\"0\",Amount:2.0,Operation:0,UUID:[I;1,1,1,4],Slot:\"head\"}],Enmity.CustomCrafting:1}"
                }
            ]
          },
          {
            "type": "minecraft:item",
            "name": "minecraft:leather_chestplate",
            "weight": 5,
            "functions": [
                {
                    "function": "minecraft:set_nbt",
                    "tag": "{display:{Name:'{\"text\":\"Amethyst Chestplate\",\"italic\":false}',color:11964415,Lore:['[{\"text\":\"Set bonus:\",\"italic\":false,\"color\":\"gray\"}]','[{\"text\":\"   +1\",\"italic\":false,\"color\":\"white\"},{\"text\":\" Magic damage\",\"italic\":false,\"color\":\"gray\"}]','[{\"text\":\"   +1\",\"italic\":false,\"color\":\"white\"},{\"text\":\" Magic damage reduction\",\"italic\":false,\"color\":\"gray\"}]']},Unbreakable:1,Enmity:1,Enmity.ArmorType:\"amethyst\",AttributeModifiers:[{AttributeName:\"generic.armor\",Name:\"0\",Amount:5.0,Operation:0,UUID:[I;1,1,1,3],Slot:\"chest\"}],Enmity.CustomCrafting:1}"
                }
            ]
          },
          {
            "type": "minecraft:item",
            "name": "minecraft:leather_boots",
            "weight": 5,
            "functions": [
                {
                    "function": "minecraft:set_nbt",
                    "tag": "{display:{Name:'{\"text\":\"Amethyst Boots\",\"italic\":false}',color:11964415,Lore:['[{\"text\":\"Set bonus:\",\"italic\":false,\"color\":\"gray\"}]','[{\"text\":\"   +1\",\"italic\":false,\"color\":\"white\"},{\"text\":\" Magic damage\",\"italic\":false,\"color\":\"gray\"}]','[{\"text\":\"   +1\",\"italic\":false,\"color\":\"white\"},{\"text\":\" Magic damage reduction\",\"italic\":false,\"color\":\"gray\"}]']},Unbreakable:1,Enmity:1,Enmity.ArmorType:\"amethyst\",AttributeModifiers:[{AttributeName:\"generic.armor\",Name:\"0\",Amount:2.0,Operation:0,UUID:[I;1,1,1,1],Slot:\"feet\"}],Enmity.CustomCrafting:1}"
                }
            ]
          },
          {
            "type": "minecraft:item",
            "functions": [
              {
                "add": false,
                "count": {
                  "type": "minecraft:uniform",
                  "max": 4,
                  "min": 2
                },
                "function": "minecraft:set_count"
              }
            ],
            "name": "minecraft:golden_apple",
            "weight": 5
          },
          {
            "type": "minecraft:item",
            "name": "minecraft:saddle"
          },
          {
            "type": "minecraft:item",
            "name": "minecraft:iron_horse_armor"
          },
          {
            "type": "minecraft:item",
            "name": "minecraft:diamond_horse_armor"
          },
          {
            "type": "minecraft:item",
            "functions": [
              {
                "function": "minecraft:enchant_with_levels",
                "levels": 30,
                "treasure": true
              }
            ],
            "name": "minecraft:book"
          },
          {
            "type": "minecraft:item",
            "name": "minecraft:recovery_compass"
          },
          {
            "type": "minecraft:item",
            "name": "minecraft:bundle",
            "functions": [
                {
                    "function": "minecraft:set_nbt",
                    "tag": "{display:{Name:'{\"text\":\"Void Bag\",\"italic\":false}',Lore:['[{\"text\":\"Use to destroy the items inside.\",\"italic\":false,\"color\":\"gray\"}]']},Enmity:1,CustomModelData:4}"
                }
            ]
          },
          {
            "type": "minecraft:item",
            "name": "minecraft:warped_fungus_on_a_stick",
            "functions": [
                {
                    "function": "minecraft:set_nbt",
                    "tag": "{display:{Name:'{\"text\":\"Soul in a Jar\",\"italic\":false}',Lore:['[{\"text\":\"Accessory type: \",\"italic\":false,\"color\":\"gray\"},{\"text\":\"effect\",\"color\":\"white\"}]','[{\"text\":\"The little friend inside shoots\",\"italic\":false,\"color\":\"gray\"}]','[{\"text\":\"homing souls at nearby enemies.\",\"italic\":false,\"color\":\"gray\"}]']},Unbreakable:1,HideFlags:4,CustomModelData:79,Enmity:1}"
                }
            ]
          },
          {
            "type": "minecraft:item",
            "name": "minecraft:warped_fungus_on_a_stick",
            "functions": [
                {
                    "function": "minecraft:set_nbt",
                    "tag": "{display:{Name:'{\"text\":\"Bezoar\",\"italic\":false}',Lore:['[{\"text\":\"Accessory type: \",\"italic\":false,\"color\":\"gray\"},{\"text\":\"effect\",\"color\":\"white\"}]','[{\"text\":\"Grants immunity to Poison.\",\"italic\":false,\"color\":\"gray\"}]']},Unbreakable:1,HideFlags:4,CustomModelData:111,Enmity:1}"
                }
            ],
            "weight": 2
          }
        ]
      },
      {
        "bonus_rolls": 0,
        "rolls": {
          "type": "minecraft:uniform",
          "max": 1,
          "min": 0
        },
        "entries": [
          {
            "type": "minecraft:item",
            "name": "minecraft:warped_fungus_on_a_stick",
            "functions": [
                {
                    "function": "minecraft:set_nbt",
                    "tag": "{display:{Name:'{\"text\":\"Gust Caster\",\"italic\":false}',Lore:['[{\"text\":\"Damage: \",\"italic\":false,\"color\":\"gray\"},{\"text\":\"7\",\"color\":\"white\"}]','[{\"text\":\"Mana usage: \",\"italic\":false,\"color\":\"gray\"},{\"text\":\"100\",\"color\":\"white\"}]','[{\"text\":\"Cooldown: \",\"italic\":false,\"color\":\"gray\"},{\"text\":\"24\",\"color\":\"white\"}]','[{\"text\":\"Fires a short ranged whirlwind.\",\"italic\":false,\"color\":\"gray\"}]']},Unbreakable:1,HideFlags:4,CustomModelData:3,Enmity:1,Enmity.CustomCrafting:1}"
                }
            ]
          },
          {
            "type": "minecraft:item",
            "name": "minecraft:warped_fungus_on_a_stick",
            "functions": [
                {
                    "function": "minecraft:set_nbt",
                    "tag": "{display:{Name:'{\"text\":\"Water Bolt\",\"italic\":false}',Lore:['[{\"text\":\"Damage: \",\"italic\":false,\"color\":\"gray\"},{\"text\":\"6\",\"color\":\"white\"}]','[{\"text\":\"Mana usage: \",\"italic\":false,\"color\":\"gray\"},{\"text\":\"60\",\"color\":\"white\"}]','[{\"text\":\"Cooldown: \",\"italic\":false,\"color\":\"gray\"},{\"text\":\"12\",\"color\":\"white\"}]','[{\"text\":\"Shoots a slow moving bolt of water.\",\"italic\":false,\"color\":\"gray\"}]']},Unbreakable:1,HideFlags:4,CustomModelData:4,Enmity:1,Enmity.CustomCrafting:1}"
                }
            ]
          },
          {
            "type": "minecraft:item",
            "name": "minecraft:warped_fungus_on_a_stick",
            "functions": [
                {
                    "function": "minecraft:set_nbt",
                    "tag": "{display:{Name:'{\"text\":\"Emerald Staff\",\"italic\":false}',Lore:['[{\"text\":\"Damage: \",\"italic\":false,\"color\":\"gray\"},{\"text\":\"7\",\"color\":\"white\"}]','[{\"text\":\"Mana usage: \",\"italic\":false,\"color\":\"gray\"},{\"text\":\"80\",\"color\":\"white\"}]','[{\"text\":\"Cooldown: \",\"italic\":false,\"color\":\"gray\"},{\"text\":\"20\",\"color\":\"white\"}]','[{\"text\":\"Shoots an emerald bolt.\",\"italic\":false,\"color\":\"gray\"}]']},Unbreakable:1,HideFlags:4,CustomModelData:16,Enmity:1,Enmity.CustomCrafting:1,Enmity.ItemGroups:[\"gem_staves\"]}"
                }
            ]
          },
          {
            "type": "minecraft:item",
            "name": "minecraft:warped_fungus_on_a_stick",
            "functions": [
                {
                    "function": "minecraft:set_nbt",
                    "tag": "{display:{Name:'{\"text\":\"Diamond Staff\",\"italic\":false}',Lore:['[{\"text\":\"Damage: \",\"italic\":false,\"color\":\"gray\"},{\"text\":\"8\",\"color\":\"white\"}]','[{\"text\":\"Mana usage: \",\"italic\":false,\"color\":\"gray\"},{\"text\":\"90\",\"color\":\"white\"}]','[{\"text\":\"Cooldown: \",\"italic\":false,\"color\":\"gray\"},{\"text\":\"24\",\"color\":\"white\"}]','[{\"text\":\"Shoots a diamond bolt.\",\"italic\":false,\"color\":\"gray\"}]']},Unbreakable:1,HideFlags:4,CustomModelData:6,Enmity:1,Enmity.CustomCrafting:1,Enmity.ItemGroups:[\"gem_staves\"]}"
                }
            ]
          },
          {
            "type": "minecraft:item",
            "name": "minecraft:warped_fungus_on_a_stick",
            "functions": [
                {
                    "function": "minecraft:set_nbt",
                    "tag": "{display:{Name:'{\"text\":\"Lapis Staff\",\"italic\":false}',Lore:['[{\"text\":\"Damage: \",\"italic\":false,\"color\":\"gray\"},{\"text\":\"7\",\"color\":\"white\"}]','[{\"text\":\"Mana usage: \",\"italic\":false,\"color\":\"gray\"},{\"text\":\"80\",\"color\":\"white\"}]','[{\"text\":\"Cooldown: \",\"italic\":false,\"color\":\"gray\"},{\"text\":\"24\",\"color\":\"white\"}]','[{\"text\":\"Shoots a lapis bolt.\",\"italic\":false,\"color\":\"gray\"}]']},Unbreakable:1,HideFlags:4,CustomModelData:14,Enmity:1,Enmity.CustomCrafting:1,Enmity.ItemGroups:[\"gem_staves\"]}"
                }
            ]
          },
          {
            "type": "minecraft:item",
            "name": "minecraft:warped_fungus_on_a_stick",
            "functions": [
                {
                    "function": "minecraft:set_nbt",
                    "tag": "{display:{Name:'{\"text\":\"Redstone Staff\",\"italic\":false}',Lore:['[{\"text\":\"Damage: \",\"italic\":false,\"color\":\"gray\"},{\"text\":\"6\",\"color\":\"white\"}]','[{\"text\":\"Mana usage: \",\"italic\":false,\"color\":\"gray\"},{\"text\":\"90\",\"color\":\"white\"}]','[{\"text\":\"Cooldown: \",\"italic\":false,\"color\":\"gray\"},{\"text\":\"20\",\"color\":\"white\"}]','[{\"text\":\"Shoots a redstone bolt.\",\"italic\":false,\"color\":\"gray\"}]']},Unbreakable:1,HideFlags:4,CustomModelData:15,Enmity:1,Enmity.CustomCrafting:1,Enmity.ItemGroups:[\"gem_staves\"]}"
                }
            ]
          }
        ]
      },
      {
        "bonus_rolls": 0,
        "rolls": {
          "type": "minecraft:uniform",
          "max": 1,
          "min": 0
        },
        "entries": [
            {
                "type": "minecraft:item",
                "name": "minecraft:warped_fungus_on_a_stick",
                "functions": [
                    {
                        "function": "minecraft:set_nbt",
                        "tag": "{display:{Name:'{\"text\":\"Fiery Charm\",\"italic\":false}',Lore:['[{\"text\":\"Accessory type: \",\"italic\":false,\"color\":\"gray\"},{\"text\":\"effect\",\"color\":\"white\"}]','[{\"text\":\"Grants heat resistance.\",\"italic\":false,\"color\":\"gray\"}]']},Unbreakable:1,HideFlags:4,CustomModelData:82,Enmity:1,Enmity.CustomCrafting:1}"
                    }
                ],
                "weight": 2
            },
            {
                "type": "minecraft:item",
                "name": "minecraft:warped_fungus_on_a_stick",
                "functions": [
                    {
                        "function": "minecraft:set_nbt",
                        "tag": "{display:{Name:'{\"text\":\"Frozen Charm\",\"italic\":false}',Lore:['[{\"text\":\"Accessory type: \",\"italic\":false,\"color\":\"gray\"},{\"text\":\"effect\",\"color\":\"white\"}]','[{\"text\":\"Grants cold resistance.\",\"italic\":false,\"color\":\"gray\"}]']},Unbreakable:1,HideFlags:4,CustomModelData:81,Enmity:1,Enmity.CustomCrafting:1}"
                    }
                ],
                "weight": 2
            },
            {
                "type": "minecraft:item",
                "name": "minecraft:warped_fungus_on_a_stick",
                "functions": [
                    {
                        "function": "minecraft:set_nbt",
                        "tag": "{display:{Name:'{\"text\":\"Silvan Necklace\",\"italic\":false}',Lore:['[{\"text\":\"Accessory type: \",\"italic\":false,\"color\":\"gray\"},{\"text\":\"mana\",\"color\":\"white\"}]','[{\"text\":\"+100\",\"italic\":false,\"color\":\"white\"},{\"text\":\" Mana capacity\",\"italic\":false,\"color\":\"gray\"}]','[{\"text\":\"+1\",\"italic\":false,\"color\":\"white\"},{\"text\":\" Sentry slot\",\"italic\":false,\"color\":\"gray\"}]']},Unbreakable:1,HideFlags:4,CustomModelData:23,Enmity:1,Enmity.CustomCrafting:1}"
                    }
                ],
                "weight": 3
            }
        ]
      }
    ]
  }