{
    "condition": "minecraft:alternative",
    "terms": [
        {
            "condition": "minecraft:location_check",
            "predicate": {
              "structure": "minecraft:village_desert"
            }
        },
        {
            "condition": "minecraft:location_check",
            "predicate": {
              "structure": "minecraft:village_plains"
            }
        },
        {
            "condition": "minecraft:location_check",
            "predicate": {
              "structure": "minecraft:village_savanna"
            }
        },
        {
            "condition": "minecraft:location_check",
            "predicate": {
              "structure": "minecraft:village_snowy"
            }
        },
        {
            "condition": "minecraft:location_check",
            "predicate": {
              "structure": "minecraft:village_taiga"
            }
        },
        {
            "condition": "minecraft:location_check",
            "predicate": {
              "structure": "terralith:fortified_village"
            }
        },
        {
            "condition": "minecraft:location_check",
            "predicate": {
              "structure": "terralith:fortified_desert_village"
            }
        }
    ]
}